DATE OF PAYMENT,AMOUNT PAID,PERIOD OF PAYMENT,RECEIPT NUMBER
27/04/2018,2448,JANUARY,41652582/XBMVGBCN
27/04/2018,2448,FEBRUARY,41652542/DLQIXVYU
27/04/2018,2448,MARCH,41652463/EIBUVGQY
27/04/2018,2448,APRIL,41652498/GYVVZRRB
1/2/2019,2448,MAY,43125840/BLXMUSHS
1/2/2019,2448,JUNE,43126616/GPFHTAQX
1/2/2019,2448,JULY,43126549/FGALHWJX
1/2/2019,2448,AUGUST,43126132/KFVSHBZQ
1/2/2019,2448,SEPTEMBER,43125933/IXQHUMKV
28/01/2019,2448,OCTOBER,43105829/UPPEPHVT
28/01/2019,2448,NOVEMBER,43105819/AYEZCBWV
28/01/2019,2448,DECEMBER,43105840/SYBNGIUZ
