DATE OF PAYMENT,AMOUNT PAID,PERIOD OF PAYMENT,RECEIPT NUMBER
27/04/2018,11100,JANUARY,41651869/AEPTEVJU
27/04/2018,11100,FEBRUARY,41651836/JKVLVGUZ
27/04/2018,11100,MARCH,41651809/SPEXUEGQ
27/04/2018,11100,APRIL,41651776/EJRMWXEP
1/2/2019,11100,MAY,43125945/TRYUZYRL
1/2/2019,11100,JUNE,43126163/FWFDWEKL
1/2/2019,11100,JULY,43126554/CGBFTSUM
1/2/2019,11100,AUGUST,43126014/KXUWJDQZ
1/2/2019,11100,SEPTEMBER,43125913/WUQMWFZK
28/01/2019,11100,OCTOBER,43105861/QRBRCWVW
28/01/2019,11100,NOVEMBER,43105849/BAYZEAUN
28/01/2019,11100,DECEMBER,43105159/GCFPRGSC
