DATE OF PAYMENT,AMOUNT PAID,PERIOD OF PAYMENT,RECEIPT NUMBER
27/04/2018,5200,JANUARY,41652119/ZWERBKKC
27/04/2018,5200,FEBRUARY,41652078/VUNFAEBR
27/04/2018,5200,MARCH,41652046/FGDFVKTA
27/04/2018,5200,APRIL,41652005/JZJIXESH
1/2/2019,5200,MAY,43125855/HLQJZPSX
1/2/2019,5200,JUNE,43125847/DYARELEX
1/2/2019,5200,JULY,43126155/ZVGCVQHU
1/2/2019,5200,AUGUST,43126017/XKAWVUYX
1/2/2019,5200,SEPTEMBER,43126020/IMFCVBCP
28/01/2019,5200,OCTOBER,43105186/FLJDTVZT
28/01/2019,5200,NOVEMBER,43105805/YGBIJFDJ
28/01/2019,5200,DECEMBER,43105028/ZPTYCLIW
