DATE OF PAYMENT,AMOUNT PAID,PERIOD OF PAYMENT,RECEIPT NUMBER
27/04/2018,16852,JANUARY,41651622/QKGWGIHF
27/04/2018,16852,FEBRUARY,41651561/TRBPZVQR
27/04/2018,16852,MARCH,41651700/NPCDDCCI
27/04/2018,16852,APRIL,41651740/DBAZMNHF
1/2/2019,16852,MAY,43125833/QJGFNMTY
1/2/2019,16852,JUNE,43125851/AGBJKJIJ
1/2/2019,16852,JULY,43126159/IKPYKMTN
1/2/2019,16852,AUGUST,43125904/IQJSNMER
1/2/2019,16852,SEPTEMBER,43126451/JHRUBUVD
28/01/2019,16852,OCTOBER,43105178/CAGQLLZG
28/01/2019,16852,NOVEMBER,43105813/KTPBQDPL
28/01/2019,16852,DECEMBER,43104527/FBRTKTPZ
