DATE OF PAYMENT,AMOUNT PAID,PERIOD OF PAYMENT,RECEIPT NUMBER
27/04/2018,6409,JANUARY,41652430/CQJPXITM
27/04/2018,6409,FEBRUARY,41652359/VIZBWGZD
27/04/2018,6409,MARCH,41652285/AJUFGSCJ
27/04/2018,6409,APRIL,41652325/ZJRSRXUL
1/2/2019,6409,MAY,43125937/MPGLZELZ
1/2/2019,6409,JUNE,43125960/VRYIQDZR
1/2/2019,6409,JULY,43126603/CVYUEGHQ
1/2/2019,6409,AUGUST,43125898/QGMAENLR
1/2/2019,6409,SEPTEMBER,43126464/PKSNYUIK
28/01/2019,6409,OCTOBER,43104543/ALNQDSWF
28/01/2019,6409,NOVEMBER,43105867/HSNRLUQL
28/01/2019,6409,DECEMBER,43104489/RTMQADUZ
