SURNAME,FIRST NAME, MIDDLE NAME,DESIGNATION,NATIONALITY,NUMBER OF MONTHS,DEVELOPMENT LEVY,GROSS INCOME,ANNUAL TAX PAID,TAXPAYER ID,STAFF PHONE NUMBER,STAFF EMAIL ADDRESS
ELOMOBOR,A,,ASSISTANT GENERAL OVERSEER,NIGERIAN,8033921228,100,"720,000",29360,,8033921228,
 ADENEKAN ,SHOLA,,CHURCH ADMINISTRATOR,NIGERIAN,8037770235,100,"420,000",9520,,8037770235,
IHEONUNEKWU  ,JUSTINA,,RECEPTIONIST/ SECRETARY,NIGERIAN,8170296990,100,"540,000",16240,,8170296990,
OKORIE ,JOEL,,DRIVER 1,NIGERIAN,8068654195,100,"480,000",12880,,8068654195,
IBANGA ,IGNATIUS,,DRIVER 2,NIGERIAN,9055231801,100,"360,000",6160,,9055231801,
OKOH ,CHINEYE,,CATERER,NIGERIAN,8066778854,100,"420,000",9520,,8066778854,
MOSES ,EDET,,STEWARD,NIGERIAN,7085723367,100,"300,000",3000,,7085723367,
CHIJOKE ,GIFT,,MAINTENANCE,NIGERIAN,9076344532,100,"300,000",3000,,9076344532,
