DATE OF PAYMENT,AMOUNT PAID,PERIOD OF PAYMENT,RECEIPT NUMBER
6-Feb-18,"238,293.76",January,40654113/BVGUKRFJ
7/3/2018,"347,412.21",February,40987102/RCHVEBRN
9-Apr-18,"374,694.40",March,41548651/ZKZKKRDMS
9-May-18,"372,123.29",April,41717433/QXDWTTRF
6-Jun-18,"386,603.58",May,41878817/SBVZSNEM
6-Jul-18,"384,305.36",June,42026160/QZRLEVYK
8-Aug-18,"377,480.02",July,42212073/XHCCQXAZ
7-Sep-18,"359,085.34",August,42372520/YLGXWZRJ
11-Oct-18,"362,928.78",September,42574265/LAPTEJRD
8-Nov-18,"370,499.50",October,42743448/NSAQWHRD
7-Dec-18,"355,446.84",November,42891091/LDEQRSSM
9-Jan-18,"354,653.31",December,43025970/QMIYKJFP
