SURNAME,FIRST NAME, MIDDLE NAME,DESIGNATION,NATIONALITY,NUMBER OF MONTHS,DEVELOPMENT LEVY,GROSS INCOME,ANNUAL TAX PAID,TAXPAYER ID,STAFF PHONE NUMBER,STAFF EMAIL ADDRESS
PETER ,C. UMESI,,PRODUCTION SUPERVISOR,NIGERIAN,12,100,"900,000.00","38,468.04",,8024614589,
ABDUL-NASIR,DANJUMA ,SANI,PRODUCTION ,NIGERIAN,12,100,"660,000.00","24,080.04",,7065552241,
MOHAMMED ,SALIU,,PRODUCTION,NIGERIAN,12,100,"396,000.00","6,291.00",,8057134260,
ALHASAN ,ABDULRASAK,,PRODUCTION ,NIGERIAN,1,100,"49,000.00","1,344.09",,8051808258,
EKEJAH ,SAMSON,,PRODUCTION ,NIGERIAN,12,100,"456,000.00","9,365.40",,8021444266,
ISA ,IBRAHIM,,PRODUCTION ,NIGERIAN,12,100,"768,000.00","33,105.32",,8034246178,
MOHAMMED ,ABDULAHI,,PRODUCTION ,NIGERIAN,8,100,"280,000.00","6,346.64",,8051802580,
MOHAMMED ,JAMILU,,PRODUCTION ,NIGERIAN,1,100,"49,000.00","1,344.09",,7085719589,
OBADINA ,GBEMILEKE ,AKINPELU ,HEAD OF PRODUCTION,NIGERIAN,12,100,"2,148,000.00","197,393.46",,8060869432,
YISA ,KAZEEM,,TECHNICIAN-ELECTRICIAN ,NIGERIAN,12,100,"696,000.00","22,041.96",,7070768535,
OBIDIEGWU ,SIMON ,,PRODUCTION ,NIGERIAN,12,100,"456,000.00","9,365.40",,7080091324,
MONEHIN ,MICHAEL,,PRODUCTION ,NIGERIAN,12,100,"660,000.00","19,818.36",,7087257723,
JOSHUA ,OYEBADE,,PRODUCTION ,NIGERIAN,12,100,"864,000.00","35,569.32",,8060323661,
EMMANUEL ,ONIYEMI,,PRODUCTION ,NIGERIAN,6,100,"420,000.00","33,636.12",,7069005520,
ABUBAKAR  ,HASSAN,,TECHNICIAN MACHINE OPERATOR,NIGERIAN,12,100,"972,000.00","44,265.48",,8066524841,
ABUDU,STEPHEN,,PRODUCTION,NIGERIAN,12,100,"1,196,000.00","68,380.40",,8024308212,
OPONE ,STANLEY,,TECHNICIAN MACHINE OPERATOR,NIGERIAN,12,100,"852,000.00","34,603.08",,8033891045,
OLAYENI ,FATAI,,TECHNICIAN MACHINE OPERATOR,NIGERIAN,12,100,"780,000.00","28,805.64",,8026222589,
AKOLAWOLE,SAMUEL,,PRODUCTION,NIGERIAN,12,100,"360,000.00","4,589.16",,8123320016,
AWE,INNOCENT,,PRODUCTION,NIGERIAN,12,100,"360,000.00","4,589.16",,7065673528,
MOMODU ,FATAI,JOHNSON,PRODUCTION,NIGERIAN,12,100,"360,000.00","4,589.16",,7095250783,
CHUKWULEBE ,EBUKA,NIKODEMUS,PRODUCTION,NIGERIAN,12,100,"360,000.00","4,589.16",,8066954417,
AJAKAIYE,TAIWO,COSMOS,PRODUCTION,NIGERIAN,12,100,"287,500.00","2,950.00",,8032814262,
AMUSA,WAHEED,,PRODUCTION,NIGERIAN,3,100,"74,167.00",850,,,
OLANIRAN,ABIOLA,,PRODUCTION,NIGERIAN,11.5,100,"287,500.00","2,950.00",,9067790708,
PAUL,EDWIN,,PRODUCTION,NIGERIAN,0.5,100,"11,667.00",200,,,
BENJAMIN,BASSEY,,PRODUCTION,NIGERIAN,0.5,100,"12,500.00",200,,,
NNAJI,RITA,,PRODUCTION,NIGERIAN,12,100,"300,000.00","2,950.00",,7036258332,
UKANYA,CONFORT,,PRODUCTION,NIGERIAN,12,100,"300,000.00","2,950.00",,8053220087,
OPEYEMI,AFEEZ,BABALOLA,PRODUCTION,NIGERIAN,0.5,100,"11,667.00",116.07,,,
DELE,OSAZUWA,,PRODUCTION,NIGERIAN,11,100,"275,000.00","2,750.00",,8165583503,
ABDULAHI ,AHMED,OLALEKAN,PRODUCTION,NIGERIAN,6,100,"150,000.00","1,500.00",,7037974745,
ABDULRAMAN,IBRAHIM,,PRODUCTION,NIGERIAN,0.5,100,"20,536.00",205.36,,,
IGWEBUIKE,CHIDI,,PRODUCTION,NIGERIAN,6,100,"150,000.00","1,500.00",,8135031053,
BONIFACE,SHINA,,PRODUCTION,NIGERIAN,1,100,"25,000.00",250,,8063620159,
DANLADI,JOEL,,PODUCTION,NIGERIAN,8,100,"193,548.00","2,000.00",,8179526654,
IWUOBA,BLESSING,AWELE,PRODUCTION,NIGERIAN,8,100,"195,161.00","2,000.00",,9050164305,
DANIEL,EZEKIEL,,PRODUCTION,NIGERIAN,5,100,"118,548.00","1,250.00",,9026791943,
EKON,HENRY,,PRODUCTION,NIGERIAN,5,100,"124,155.00","1,250.00",,8106644288,
EJEMBA,MARIA,,PRODUCTION,NIGERIAN,6,100,"149,155.00","1,500.00",,9033803033,
IJIGA,ALFRED,,PRODUCTION,NIGERIAN,1,100,"16,667.00",200,,8169589127,
AMOSUN,TAOFEEK,,PRODUCTION,NIGERIAN,0.5,100,"12,903.00",200,,8145145112,
OKON,BROWNSON,,PRODUCTION,NIGERIAN,2,100,"129,677.00","1,226.66",,8105395457,
ADEYEMI,OLUWATOSIN,,QC OFFICERS,NIGERIAN,12,100,"1,365,000.00","83,877.00",,7065066373,
OLUWAGBEMIGA,CALEB,,MICROBIOLOGIST,NIGERIAN,12,100,"920,000.00","43,157.90",,7037402285,
OJUGBELI,JOSEPHINE,,LAB ASSISTANT,NIGERIAN,12,100,"355,000.00","4,309.16",,8109297508,
AWOFISAYO ,GBOLAHAN, VINCENT,ACCOUNTANT,NIGERIAN,12,100,"2,840,000.00","274,221.90",,9030120112,
BELLO,FAUSAT,OLAYEMI,AUDITOR,NIGERIAN,8,100,"1,314,677.00","110,505.62",,9021917831,
ADENIYI/AREMU ,OMOLOLA ,BUSAYO,ACCOUNT OFFICER,NIGERIAN,12,100,"460,000.00","28,508.00",,7038323889,
OSINOWO,OLUYOMI,ADENIYI,ACCOUNT OFFICER,NIGERIAN,12,100,"960,000.00","43,299.24",,8125124648,
ELUYERA,DAMILARE,BUSOLA,ACCOUNT OFFICER,NIGERIAN,12,100,"960,000.00","43,299.24",,7012623466,
ILORI,SAMSON,OLAOLU,ACCONT OFFICER,NIGERIAN,10.5,100,"975,000.00","54,308.02",,7057984904,
DIKE  ,GLORIA,,HEAD OF WAREHOUSE ,NIGERIAN,12,100,"2,510,000.00","230,759.81",,8124466991,
ADEBOLA ,ADESINA, AYODELE,ACCOUNT OFFICER,NIGERIAN,12,100,"1,200,000.00","65,760.00",,7066471700,
UDOH ,MERCY,,WAREHOUSE SUPERVISOR ,NIGERIAN,12,100,"1,251,000.00","71,392.93",,8055553452,
EFFANGA ,JOHN, NATHANIEL,LOADER,NIGERIAN,12,100,"360,000.00","4,589.16",,8097442834,
ADEKUNLE ,OLAMI,,LOADER,NIGERIAN,12,100,"456,000.00","9,365.40",,9020440935,
UKAH ,DARLINGTON,,LOADER ,NIGERIAN,12,100,"360,000.00","4,589.16",,8033249815,
ONYENEGECHA ,CHIKA,,LOADER ,NIGERIAN,3,100,"111,000.00","2,196.97",,8052411451,
OJO ,SEGUN,,LOADER ,NIGERIAN,12,100,"360,000.00","4,589.16",,8024614587,
CHIGOZIE,GEORGE,RAPHAEL,LOADER,NIGERIAN,12,100,"360,000.00","4,589.16",,9075050058,
IME,EMMANUEL,,LOADER,NIGERIAN,2+,100,"60,000.00",700,,,
ABAH,ANTHONY,WISDOM,LOADE,NIGERIAN,9,100,"225,000.00","2,250.00",,8130397135,
SULE,FIDELIX,,LOADER,NIGERIAN,9,100,"225,000.00","2,250.00",,9069537250,
OLAYE ,AYODELE,, DIRECTOR,NIGERIAN,12,100,"5,350,000.00","674,471.30",,8028443765,
ADENIJI,OLUBUKOLA,OLAYEMI,COMPANY SECRETARY,NIGERIAN,9,100,"1,845,000.00","181,399.50",,8038662691,
SHOLANKE,ISMAIL,TEMITOPE,HEAD OF HUMAN RESOURCES,NIGERIAN,10.5,100,"2,300,000.00","202,215.70",,7066905939,
EMMANUEL,OLUWASEUN,TOBI,HEAD OF ADMIN,NIGERIAN,1.5,100,"176,129.00","10,490.38",,8033970960,
VICTOR,MUSA,,ADMIN,NIGERIAN,11,100,"880,000.00","42,084.57",,7030218500,
GABRIEL ,TOM ,JONES,DRIVER,NIGERIAN,12,100,"600,000.00","16,743.96",,8055429126,
IRABOR,STANLEY,,DISPATCH RIDER,NIGERIAN,12,100,"528,000.00","13,054.68",,7064334711,
NWOSU ,CHARLES,,DRIVER,NIGERIAN,12,100,"830,000.00","32,831.64",,8069206500,
ONIFADE,AZEEZ,,DRIVER,NIGERIAN,12,100,"420,000.00","7,853.96",,7036463955,
OGUNLEYE,SOLOMON,,DRIVER,NIGERIAN,12,100,"420,000.00","7,853.96",,8132608832,
OLUKAYODE,EBENEZER,,DRIVER,NIGERIAN,11.5,100,"514,500.00","15,086.63",,8062867199,
ABIODUN,OSHODI,,DRIVER,NIGERIAN,10.5,100,"472,500.00","13,758.30",,9031786373,
AKINTOYE,JIDE,MOSHOOD,DRIVER,NIGERIAN,10.5,100,"472,500.00","13,758.30",,8065391291,
AMIDA,SAMSON,,DRIVER,NIGERIAN,1,100,"50,000.00","1,633.33",,9037140818,
SHOBITAN,KOLAWOLE,,DRIVER,NIGERIAN,3.5,100,"163,500.00","1,717.32",,8086758578,
MOHAMMED ,YUSUF ,,CHIEF SECURITY OFFICER ,NIGERIAN,12,100,"1,196,000.00","77,520.00",,8026587222,
MARCUS,ESTHER,ADIAKA,CLEANER,NIGERIAN,4,100,"100,000.00",950,,8063608739,
GODSGIFT,KINDNESS,,CLEANER,NIGERIAN,12,100,"300,000.00","2,950.00",,8109447206,
OLAITAN ,OLUSEYI,OLUBUNMI,CLEANER,NIGERIAN,11,100,"275,000.00","2,750.00",,8173045257,
PROMISE,ESTHER,,HOUSEKEEPER,NIGERIAN,11,100,"293,750.00","2,687.50",,8127704045,
WILLIAM,BLESSING,,CLEANER,NIGERIAN,8,100,"198,387.00","2,000.00",,9073903701,
OMELIU,IJEOMA,CONFIDENCE,CLEANER,NIGERIAN,8,100,"193,548.00","2,000.00",,8162194655,
UKPONG,ABIGAIL,,CLEANER,NIGERIAN,12,100,"300,000.00","2,950.00",,9067718563,
OLUWANISOLA,SEUN,,AGM,NIGERIAN,3,100,"510,968.00","45,381.14",,8075144101,
AKALA,OYEPOJU,,NATIONAL SALES MANAGER,NIGERIAN,11.5,100,"2,660,000.00","270,522.41",,8113955925,
OLADOSU,EMMANUEL,ABIOLA,ASSISTANT SALES MANAGER,NIGERIAN,10,100,"1,500,000.00","129,667.00",,8062926617,
YAKUBU,GANIYU,,REGIONAL SALES MANAGER,NIGERIAN,1.5,100,"233,333.00","18,959.95",,8036571968,
OJO ,LASISI,,ASSISTANT SALES MANAGER,NIGERIAN,7,100,"700,000.00","49,357.04",,8062736194,
UDOH ,MERCY,,CRO,NIGERIAN,5.5,100,"550,000.00","33,113.33",,7037734466,
OWOLABI,AYOKUNLE,FRANCIS,SALES REP,NIGERIAN,9.5,100,"665,000.00","28,718.26",,8063623183,
AKINGBEMILA ,OLATUNJI ,A.,MARKETER,NIGERIAN,12,100,"1,960,000.00","154,684.57",,7035113247,
AJASA O,RASHIDAT,,SALES REP,NIGERIAN,12,100,"653,000.00","19,478.72",,7030225131,
AYODELE,FRANCIS ,,DISPATCH MARKETER,NIGERIAN,7,100,"630,000.00","32,403.60",,7030876003,
AKINDE ,OLUWAKEMI ,ABIGEAL,SALES REP,NIGERIAN,6,100,"264,000.00","7,783.98",,9094628105,
AJAYI,FEYISAYO,,DIGITAL MARKETER/GRAPHIC ARTIST,NIGERIAN,12,100,"840,000.00","35,207.64",,8135349508,
EKIBADE,BLESSING,,SALES REP,NIGERIAN,12,100,"360,000.00","4,446.36",,8034083849,
BAJIE,JOSEPHINE,ONENU,SALES REP,NIGERIAN,12,100,"360,000.00","4,446.36",,8130920415,
SUNDAY,GODSTIME,,SALES REP,NIGERIAN,12,100,"360,000.00","4,446.36",,7053714104,
EGEONU,ADAOBI,VICTORIA,SALES REP,NIGERIAN,7,100,"210,000.00","2,593.71",,7084067386,
OKUNOLA ,TOSIN,,SALES REP,NIGERIAN,12,100,"339,000.00","5,846.63",,9086424405,
MEMUD,FOLASADE,,MARKETER,NIGERIAN,12,100,"920,000.00","47,346.67",,8062818118,
OLUKAYODE,ABIMBOLA,,MARKETER,NIGERIAN,12,100,"920,000.00","47,346.67",,8026887478,
ADEOTI,OLUFUNMILAYO,,MARKETING EXECUTIVE,NIGERIAN,8,100,"637,419.00","33,426.23",,7033895272,
EBENORDI,CAROLINE,,MARKETING EXECUTIVE,NIGERIAN,8,100,"956,129.00","70,735.48",,8023188619,
IHIABE,ELIJAH,,SALES REP,NIGERIAN,8,100,"557,742.00","26,414.65",,8036911272,
AYOTUNDE,ABISOLA,AYOMIDE,MARKETING EXECUTIVE,NIGERIAN,5,100,"419,097.00","20,523.21",,8162928880,
SUNDAY,SIMEON,,SALES REP,NIGERIAN,4,100,"280,000.00","13,306.68",,8060176696,
OMOTOYE,BABTUNDE,,SALES REP,NIGERIAN,6,100,"150,000.00","1,500.00",,7035589783,
EMMANUEL ,OKOLO,CHRISTIAN,DISPATCH MARKETER,NIGERIAN,4,100,"275,333.00","12,896.01",,7056730695,
LERAMO,CATHERINE,,MARKETING TRAINING,NIGERIAN,4,100,"196,667.00","5,786.68",,7018349012,
ADEPOJU,BUKOLA,MARYAM,MARKETING TRAINING,NIGERIAN,4,100,"196,667.00","5,786.68",,7030108148,
OHIMAI,ESTHER,ABIODUN,MARKETING TRAINING,NIGERIAN,2.5,100,"181,667.00","3,686.67",,8133633281,
UFOT,EDIDIONG,OKON,SALES REP,NIGERIAN,3.5,100,"274,667.00","3,098.68",,8063668377,
OSHIONAME,MICHAEL,UNOFIME,SALES REP,NIGERIAN,3,100,"267,097.00","15,551.64",,8038392055,
OGUNSIMIRIN,OLAOLUWA,MARIAM,CRO,NIGERIAN,3,100,"370,968.00","28,016.16",,7038429939,
ABUBAKAR,IBRAHIM,,SALES REP,NIGERIAN,2.5,100,"185,161.00","8,015.69",,8036269951,
OZO,FESTUS,NNAEMEKA,SALES REP,NIGERIAN,2,100,"140,000.00","6,653.34",,8039520494,
DAVID ,SUNDAY ,EZEKIEL,SHOPRITE IKEJA  MERCHANDIZER,NIGERIAN,12,100,"420,000.00","7,520.76",,8033249815,
