SURNAME,OTHER NAMES,DESIGNATION,NATIONALITY,GROSS INCOME,STAFF PHONE NUMBER,STAFF EMAIL ADDRESS
Olaye,Ayodele,Director,Nigerian,"5,400,000",8028443765,
Sholanke,Temitope Ismail,"Head,Human Resources",Nigerian,"2,220,000",7066905939,
Akingbemila,Olatunji ,Admin,Nigerian,"1,980,000",7035113247,
Musa,victor,Admin,Nigerian,"960,000",7030218500,
Nwosu,Charles,Driver,Nigerian,"840,000",8069206500,
Tom Jones,Gabriel,Driver,Nigerian,"600,000",8024614589,
Onifade,Azeez,Driver,Nigerian,"420,000",7065552241,
Ogunleye,Solomon,Driver,Nigerian,"420,000",8132608832,
Oluwakayode,Ebenezer,Driver,Nigerian,"540,000",8051808258,
Oshodi,Abiodun,Driver,Nigerian,"540,000",8021444266,
Akintoye ,Moshood Jide,Driver,Nigerian,"540,000",8034246178,
Irabor,Stanley,Dispatch,Nigerian,"528,000",8051802580,
Godsgift,Kindness,Cleaner ,Nigerian,"300,000",7085719589,
Olaitan,Olubunmi Oluseyi,Cleaner,Nigerian,"300,000",8060869432,
Yusuf,Mohammed,Chief Security Officer ,Nigerian,"1,200,000",7070768535,
Promise,Esther,House Keeper,Nigerian,"300,000",7080091324,
Awofisayo,Gbolahan Vincent,Accountant,Nigerian,"2,880,000",7087257723,
Bello,Fausat Olayeni,Auditor,Nigerian,"1,980,000",8060323661,
Ilori,Samson Olaolu,Account Officer,Nigerian,"960,000",7069005520,
Osinowo,Adeniyi Oluyomi,Account Officer,Nigerian,"960,000",8066524841,
Eluyera,Damilare Busola,Account Officer,Nigerian,"960,000",8024308212,
Akala,Oyepoju,National Sales Manager,Nigerian,"2,880,000",8033891045,
Oladosu,Emmanuel Abimbola,Assistant Sales Manager,Nigerian,"1,800,000",8026222589,
Oshioname,Michael Unofime, Sales Rep,Nigerian,"1,080,000",8038392055,
Ogunsimirin,Olaoluwa Mariam,CRO,Nigerian,"1,500,000",7037734466,
Ayotunde,Abisola Ayomide,Graduate Trainee,Nigerian,"960,000",8162928880,
Ajayi,Feyisayo,Digital Marketer/Graphic Artist,Nigerian,"840,000",8135349508,
Memud,Folasade,Marketer,Nigerian,"960,000",8062818118,
Olukayode,Abimbola,Marketer,Nigerian,"960,000",8026887478,
Adeoti,Olufunmilayo Florence,Marketing Executive,Nigerian,"960,000",7033895272,
Ebenordi,Caroline,Marketing Executive,Nigerian,"1,440,000",8023188619,
Owolabi,Ayokunle Francis, Sales Rep,Nigerian,"840,000",8063623183,
Ihiabe,Elijah Obaje,Sales Rep,Nigerian,"840,000",8036911272,
Abubakar,Ibrahim, Sales Rep,Nigerian,"840,000",8036269951,
Ozo,Festus Nnaemeka, Sales Rep,Nigerian,"840,000",8039520494,
Ajasa,Rashidat,Sales Rep,Nigerian,"660,000",7030225131,
Ekibade,Blessing,Sales Rep,Nigerian,"360,000",8034083849,
Bajie ,Josephine Onenu,Sales Rep,Nigerian,"360,000",8130920415,
Godstime,Sunday,Sales Rep,Nigerian,"360,000",7053714104,
Omotoye,Babatunde,Sales Rep,Nigerian,"300,000",7035589783,
Okunola,Tosin,Sales Rep,Nigerian,"360,000",9086424405,
Okolo,Emmanuel Christian,Dispatch Marketer,Nigerian,"840,000",7056730695,
Leramo,Catherine Abimbola,Marketing Trainee,Nigerian,"600,000",7018349012,
Adepoju,Bukola Maria,Marketing Trainee,Nigerian,"600,000",7030108148,
Shobitan,Kazim Kolawole,Driver - Ajah,Nigerian,"540,000",8086758578,
Okon,Ufot Edidiong,Sales Rep,Nigerian,"960,000",8063668377,
David,Sunday Ezekiel,Shoprite Ikeja Merchandizer,Nigerian,"420,000",8033249815,
Dike,Gloria,Head of Warehouse ,Nigerian,"2,520,000",8124466991,
Udoh,Mercy,Warehouse Supervisor ,Nigerian,"1,260,000",70650663731,
Adebola,Adesina,Warehouse Officer,Nigerian,"1,200,000",7066471700,
Olami,Adekunle,Loader,Nigerian,"456,000",9020440935,
Sule,Fidelix,Loader ,Nigerian,"300,000",9030120112,
Ukah,Darlington,Loader ,Nigerian,"360,000",9021917831,
Effanga,John Nathaniel,Loader ,Nigerian,"360,000",7038323889,
Ojo,Segun,Loader ,Nigerian,"360,000",8125124648,
George,Chigozie Raphael,Loader,Nigerian,"360,000",7012623466,
Abah,Anthony Wisdom,Loader,Nigerian,"300,000",7057984904,
Jonah,Oluwatosin,QC Officers,Nigerian,"1,380,000",8124466991,
Oluwagbemiga,Caleb,Microbiologist,Nigerian,"960,000",7066471700,
Ojugbeli,Josepine Achinedu,Lab Attendant,Nigerian,"360,000",8055553452,
Obadina,Gbemileke Akinpelu,Head of Production,Nigerian,"2,160,000",8097442834,
Abubakar,Hassan,Technician Machine Operator,Nigerian,"972,000",90204409351,
Opone ,Stanley,Technician Machine Operator,Nigerian,"852,000",8033249815,
Olayeni,Fatai,Technician Machine Operator,Nigerian,"780,000",8052411451,
Yisa,Kazeem,Technician-Electrician ,Nigerian,"696,000",8024614587,
Abudu,Stephen,Production,Nigerian,"1,200,000",8024308212,
Oyebade,Joshua,Production ,Nigerian,"864,000",8060323661,
Monehin,Michael ,Production ,Nigerian,"660,000",7087257723,
Umesi,Peter,Production Supervisor,Nigerian,"900,000",8024614589,
Isa,Ibrahim,Production (Ejima),Nigerian,"768,000",8034246178,
Danjuma sani,Abdulnasir,Production (Ejima),Nigerian,"660,000",8028443765,
Obidiegwu,Simeon,Production (Ejima),Nigerian,"456,000",8038662691,
Ekajeh,Samson,Production (Ejima),Nigerian,"456,000",8021444266,
Okon,Brownson,Production (Ejima),Nigerian,"360,000",8105395457,
Saliu,Mohammed,Production ,Nigerian,"396,000",8057134260,
Akolawole,Samuel,Production,Nigerian,"360,000",8055429126,
Awe,Innocent,Production,Nigerian,"360,000",7064334711,
Momodu , Fatai Johnson,Production,Nigerian,"360,000",8069206500,
Nicodemus,Chukwulebe Ebuka,Production,Nigerian,"360,000",8066954417,
Ajakaiye,Taiwo Cosmos,Production,Nigerian,"300,000",8032814262,
Olaniran,Abiola,Production,Nigerian,"300,000",9067790708,
Osazuwa,Dele,Production,Nigerian,"300,000",8165583503,
Ekoh,Henry,Production,Nigerian,"300,000",8106644288,
Danladi,Joel,Production,Nigerian,"300,000",8179526654,
Nnaji,Rita,Production,Nigerian,"300,000",7036258332,
Ukuanya,Confort,Production ,Nigerian,"300,000",8026587222,
Iwuoba,Blessing Awele,Production,Nigerian,"300,000",9050164305,
Ejemba,Maria,Production,Nigerian,"300,000",9033803033,
Omelihu,Ijeoma Confidence,Cleaner,Nigerian,"300,000",8162194655,
Ukpong,Abigail,Cleaner ,Nigerian,"300,000",9067718563,
Williams,Blessing,Cleaner,Nigerian,"300,000",9073903701,
