SURNAME,OTHER NAMES,DESIGNATION,NATIONALITY,GROSS INCOME,STAFF PHONE NUMBER,STAFF EMAIL ADDRESS
ELOMOBOR,A,ASSISTANT GENERAL OVERSEER,NIGERIAN,"960,000",8033921228,
 ADENEKAN ,SHOLA,CHURCH ADMINISTRATOR,NIGERIAN,"900,000",8037770235,
IHEONUNEKWU  ,JUSTINA,RECEPTIONIST/ SECRETARY,NIGERIAN,"600,000",8170296990,
OKORIE ,JOEL,DRIVER 1,NIGERIAN,"600,000",8068654195,
IBANGA ,IGNATIUS,DRIVER 2,NIGERIAN,"540,000",9055231801,
OKOH ,CHINEYE,CATERER,NIGERIAN,"480,000",8066778854,
MOSES ,EDET,STEWARD,NIGERIAN,"360,000",7085723367,
CHIJOKE ,GIFT,MAINTENANCE,NIGERIAN,"360,000",9076344532,
