SURNAME,FIRST NAME, MIDDLE NAME,DESIGNATION,NATIONALITY,NUMBER OF MONTHS,DEVELOPMENT LEVY,GROSS INCOME,ANNUAL TAX PAID,TAXPAYER ID,STAFF PHONE NUMBER,STAFF EMAIL ADDRESS
Odimuko ,Oluchi ,Laura,Exe. Secretary,Nigeria,12 MONTHS,100,"2,250,000.00","224,000.00",N-2178514,0806 274 9019,odimukooluchiman@gmail.com
Amachree ,Goodluck,Alexander,Secretary,Nigeria,12 MONTHS,100,"960,000.00","50,480.00",N-3399673,0806 236 0055,luckyamach@yahoo.com
Bassey ,Theresa,,Admin Officer,Nigeria,12 MONTHS,100,"3,384,823.32","358,541.28",N-4046173,0803 373 6663,tessyapumoren@gmail.com
Erinoso ,Ganiyu ,Olamide,Account Officer,Nigeria,12 MONTHS,100,"3,016,656.00","302,874.39",N-3549156,0805 338 4664,erinosoganiyu@yahoo.com
Adebayo ,Sekinat,Aramide ,Field Officer,Nigeria,12 MONTHS,100,"2,887,312.56","257,852.33",N-4890132,0814 047 2244,aramidediva@gmail.com
Ogbo,Emeka ,Nwanchukwu,Driver,Nigeria,12 MONTHS,100,"1,571,712.24","104,284.92",N-3976370,0703 739 6173,enwachukwu83@gmail.com
Eshiet ,Abigail ,Happiness,Asst. Account Officer,Nigeria,12 MONTHS,100,"1,200,000.00","78,000.00",N-4890199,0706 750 0783,abigail.eshiet92@gmail.com
Odey ,Richard,,Cleaner,Nigeria,12 MONTHS,100,"825,562.56","38,640.90",,0816 924 9745,richardodey91@yahoo.com
Morounfolu,Sefiu,Alao,Security,Nigeria,12 MONTHS,100,"802,500.00","35,652.00",N-4890193,0816 802 9261,msefiu767@gmail.com
Uzoeshi ,Cak ,,Despatch Rider,Nigeria,12 MONTHS,100,"1,350,000.00","96,000.00",,0813 851 0213,
Nwachi ,Okechukwu ,Christopher,Driver,Nigeria,12 MONTHS,100,"1,211,156.28","65,344.88",N-4890178,0803 395 9752,cokechukwu80@gmail.com
Murtala ,Ibrahim,,I T Student,Nigeria,5 MONTHS,100,"125,000.00","3,250.00",,0701 379 7261,murrayibro2090@gmail.com
Idowu ,Busola ,Esther,Complex Mgr,Nigeria,12 MONTHS,100,"3,466,462.56","370,885.13",N-4890036,0806 896 6369,meyibb@yahoo.com
Olawale ,Solomon ,Adisa,Bar Man,Nigeria,12 MONTHS,100,"1,395,000.00","85,200.00",N-4345626,0803 879 6890,esteemwhaledarasimi545@gmail.com
Adeleke ,Oluwafemi ,Sunday,Maintenance Officer,Nigeria,12 MONTHS,100,"1,252,500.00","61,485.20",N-4066104,0902 820 2650,
Atrogo,Mabel ,Lubi,Sales Girl,Nigeria,12 MONTHS,100,"921,750.00","39,398.60",N-277756,0813 063 0885,
Ikhayere ,Blessing,Esther,Sales Girl,Nigeria,12 MONTHS,100,"921,750.00","39,398.60",,0805 050 7253,
Akakpo,Anani ,Christopher,Cleaner,Nigeria,12 MONTHS,100,"829,612.56","32,101.31",N-4890125,0806 668 9159,
Idowu,Aliyu ,,Guardner,Nigeria,12 MONTHS,100,"746,250.00","25,499.00",,0806 472 3922,
Shuaib ,Ayinde,Abdulsalam,CFO,Nigeria,12 MONTHS,100,"1,597,500.00","125,700.00",N-4185865,0706 338 5059,
Dauda ,Jamiu ,,Fire Officer I,Nigeria,12 MONTHS,100,"1,625,002.44","110,401.80",N-3522260,0807 316 9377,jamdauda202@gmail.com
Okafor ,George,Amaechi,Fire Officer II,Nigeria,12 MONTHS,100,"1,578,441.66","105,360.45",N-90076139,0813 324 8088,georgeokafor@yahoo.com
Yusuf ,Fatai ,Akanji,Fire Officer II,Nigeria,12 MONTHS,100,"1,578,441.66","105,360.45",N-4890019,0803 672 0574,
Ejimah ,Joseph,Kehinde,Station Officer,Nigeria,3 MONTHS,100,"385,170.47","25,298.10",N-3480966,0802 507 8400,
Alhassan ,Mohammed,Baba,Fire Man,Nigeria,12 MONTHS,100,"1,503,496.38","97,176.36",N-5715717,0807 148 1998,muhammedhassan18880@gmail.com
Ogunjenbola ,Oluyemi ,Olawale,Fire Man,Nigeria,12 MONTHS,100,"1,503,496.38","97,176.36",,0703 677 5448,olota87@gmail.com
,,,,,,,"38,889,597.07","2,935,362.04",,,
