DATE OF PAYMENT,AMOUNT PAID, PERIOD OF PAYMENT,RECEIPT NUMBER,TYPE OF WITHHOLDING
01.02.18,"2,500.00","January, '18",40593718/VHTXRXKK,5% WHT
22.02.18,"2,500.00","February,'18",40852533/ARRSCRGR,5% WHT
28.03.18,"2,500.00","March,'18",41222816/ZTNKPGCH,5% WHT
24.04.18,"2,500.00","April,'18",41626475/ZSMSUBUP,5% WHT
02.08.18,675,"July,'18",42174467/ZHGKYGBS,5% WHT
20.08.18,"1,183.75","July,'18",42283431/YHHWCEAF,5% WHT
24.08.18,"2,500.00","August,'18",42298257/JTJEWTFM,5% WHT
23.10.18,"2,500.00",September,42647067/QXRBMMFQ,5% WHT
23.10.18,"2,500.00","October,'18",4264019/SEXPFTKP,5% WHT
03.12.18,"2,500.00","November,'18",42854163/MEHQQFLN,5% WHT
20.12.18,"2,500.00","December,'18",42965715/QBKUJHYE,5% WHT
