SURNAME,OTHER NAMES,DESIGNATION,NATIONALITY,GROSS INCOME,STAFF PHONE NUMBER,STAFF EMAIL ADDRESS
Odimuko ,Oluchi ,Exe. Secretary,Nigeria,"2,250,000.00",0806 274 9019,odimukooluchiman@gmail.com
Amachree ,Goodluck Alexander,Secretary,Nigeria,"960,000.00",0806 236 0055,luckyamach@yahoo.com
Bassey ,Theresa,Admin Officer,Nigeria,"3,384,823.32",0803 373 6663,tessyapumoren@gmail.com
Erinoso ,Ganiyu Olamide,Account Officer,Nigeria,"3,016,656.00",0805 338 4664,erinosoganiyu@yahoo.com
Adebayo ,Sekinat Aramide ,Field Officer,Nigeria,"2,887,312.56",0814 047 2244,aramidediva@gmail.com
Ogbo,Emeka Nwanchukwu,Driver,Nigeria,"1,571,712.24",0703 739 6173,enwachukwu83@gmail.com
Eshiet ,Abigail Happiness,Asst. Account Officer,Nigeria,"1,200,000.00",0706 750 0783,abigail.eshiet92@gmail.com
Odey ,Richard,Cleaner,Nigeria,"825,562.56",0816 924 9745,richardodey91@yahoo.com
Morounfolu,Sefiu Alao,Security,Nigeria,"802,500.00",0816 802 9261,msefiu767@gmail.com
Uzoeshi ,Cak ,Despatch Rider,Nigeria,"1,350,000.00",0813 851 0213,
Nwachi ,Okechukwu Christopher,Driver,Nigeria,"1,211,156.28",0803 395 9752,cokechukwu80@gmail.com
Idowu ,Busola Esther,Complex Mgr,Nigeria,"3,466,462.56",0806 896 6369,meyibb@yahoo.com
Olawale ,Solomon Adisa,Bar Man,Nigeria,"1,395,000.00",0803 879 6890,esteemwhaledarasimi545@gmail.com
Adeleke ,Oluwafemi Sunday,Maintenance Officer,Nigeria,"1,252,500.00",0902 820 2650,
Atrogo,Mabel ,Sales Girl,Nigeria,"921,750.00",0813 063 0885,
Ikhayere ,Blessing Esther,Sales Girl,Nigeria,"921,750.00",0805 050 7253,
Akakpo,Anani Christopher,Cleaner,Nigeria,"829,612.56",0806 668 9159,
Idowu,Aliyu ,Guardner,Nigeria,"746,250.00",0806 472 3922,
Shuaib ,Ayinde Abdulsalam,CFO,Nigeria,"1,597,500.00",0706 338 5059,
Dauda ,Jamiu ,Fire Officer I,Nigeria,"1,625,002.44",0807 316 9377,jamdauda202@gmail.com
Okafor ,George Amaechi,Fire Officer II,Nigeria,"1,578,441.66",0813 324 8088,georgeokafor@yahoo.com
Yusuf ,Fatai Akanji,Fire Officer II,Nigeria,"1,578,441.66",0803 672 0574,
Alhassan ,Mohammed Baba,Fire Man,Nigeria,"1,503,496.38",0807 148 1998,muhammedhassan18880@gmail.com
Ogunjenbola ,Oluyemi Olawale,Fire Man,Nigeria,"1,503,496.38",0703 677 5448,olota87@gmail.com
