SURNAME,FIRST NAME, MIDDLE NAME,DESIGNATION,NATIONALITY,NUMBER OF MONTHS,DEVELOPMENT LEVY,GROSS INCOME,ANNUAL TAX PAID,TAXPAYER ID,STAFF PHONE NUMBER,STAFF EMAIL ADDRESS
OSUAKU,CHINYERE,D,TEACHER,NIGREIAN,12,100,"276,000.00","2,760.00",FRESH,8063803237,
NWADINOBI,ANDREW,SUNNY,TEACHER,NIGREIAN,12,100,"420,000.00","9,520.00",FRESH,7066456616,
AJAYI,ALIMOT,OMOTAYO,TEACHER,NIGREIAN,12,100,"340,000.00","7,280.00",FRESH,8176735747,
NZE,UGOCHI,S,TEACHER,NIGREIAN,12,100,"300,000.00","3,000.00",FRESH,8038392827,
ABASS,OLUWAKEMI,S,TEACHER,NIGREIAN,12,100,"480,000.00","12,880.00",FRESH,7034953685,
AWE,TEMITOPE,O,TEACHER,NIGREIAN,12,100,"300,000.00","3,000.00",FRESH,8085473118,
