SURNAME,OTHER NAMES,DESIGNATION,NATIONALITY,GROSS INCOME,STAFF PHONE NUMBER,STAFF EMAIL ADDRESS
AINA,IBIYINKA,HEAD ADMIN,NIGERIAN,900000,8066137756,
OSIGWE,PAULINA,MATRON,NIGERIAN,780000,8033971572,
AKHARA,VICTORIA,MATRON,NIGERIAN,828000,8066137756,
SIMON,SARAH,NURSE,NIGERIAN,516000,8028099628,
AFEKHIKU,JUDITH,NURSE,NIGERIAN,516000,8064991630,
SOLAJA ,TEMITOPE,ADMIN OFFICER,NIGERIAN,516000,8169267720,
OTI ,STELLA,NURSE,NIGERIAN,516000,8062450318,
aqAwf4etrhfui,INNOCENT,LABORATORY TECHNICIAN,NIGERIAN,426000,8096625913,
OPENE,MERCY,NURSE,NIGERIAN,402000,7032518502,
ODUNUBI,ABOSEDE,NURSE,NIGERIAN,384000,7063569164,
OJODUWA,MARVELOUS,PROCUREMENT OFFICER,NIGERIAN,348000,8038675985,
JACOB,OPEYEMI,NURSE,NIGERIAN,324000,8169941979,
OLOSO,FOLUKE,NURSE,NIGERIAN,312000,8065306310,
ABDULRAHMAN,AJOKE,FRONT DESK,NIGERIAN,312000,8022570050,
OSEGHALE,VICTORIA,NURSE,NIGERIAN,300000,9024655913,
EGWUCHE,LUCKY,SECURITY OFFICER,NIGERIAN,288000,7035398163,
MOHAMMED,TAIWO,NURSE,NIGERIAN,264000,8166377290,
EZE,GLORIA,NURSE,NIGERIAN,258000,8060925838,
AWAH,LOVETH,NURSE,NIGERIAN,252000,8133645273,
OMUJI,JULIANA,NURSE,NIGERIAN,240000,7060911904,
FAGBENRO,RUTH,NURSE,NIGERIAN,222000,806343764,
EBOH,PATIENCE,NURSE,NIGERIAN,192000,8074109051,
ADETOLA,ADEDOLAPO,NURSE,NIGERIAN,180000,9099262873,
ADEYEMO,MARIAM,NURSE,NIGERIAN,204000,8092273788,
BABALOLA,OLUWATOYIN,CLEANER,NIGERIAN,180000,8086119902,
OBATOYINBO,RACHAEL,CLEANER,NIGERIAN,168000,8109927837,
AYODELE,ESTHER,CLEANER,NIGERIAN,312000,8104285219,
UWAJE,BLESSING,NURSE,NIGERIAN,294000,7037128851,
BELLO,SHADIAT,NURSE,NIGERIAN,210000,9066466016,
OCHEN,MAGDALENE,NURSE,NIGERIAN,288000,8066287630,
KATOR,ANITA,NURSE,NIGERIAN,240000,8100990666,
ALONGE,ADEPEJU,LABORATORY TECHNICIAN,NIGERIAN,360000,8033250117,
OSENI,TEMITOPE,NURSE,NIGERIAN,216000,8082364005,
OKAFOR,STELLA,NURSE,NIGERIAN,276000,8099707055,
OGHENEOCHUKO,RUTH,NURSE,NIGERIAN,396000,8066287630,
ADAMS,MAGRET,NURSE,NIGERIAN,264000,8061101830,
