DATE OF PAYMENT,AMOUNT PAID,PERIOD OF PAYMENT,RECEIPT NUMBER
9/2/2018,10900,JANUARY,40757642/CYNYAZNT
22/3/2018,11500,FEBUARY,41164101/EJRYAEKM
19/4/18,11000,MARCH,41602162/NEABZUQD
22/6/2018,12000,APRIL,41944354/VZQMKWIU
22/6/18,12000,MAY,41944317/TZJRYYLW
23/7/2018,12000,JUNE,42111847/NYTZRQRN
29/8/2018,13100,JULY,42316674/UZKVJQKF
18/9/2018,17000,AUGUST,42429661/FKQYZNWK
23/10/2018,17000,SEPTEMBER,42651394/UWEPBIJI
26/11/2018,17000,OCTOBER,42823512/CLZSLPGB
17/1/2019,17000,NOVEMBER,43060598/SEJMESMB
17/1/2019,17000,DECEMBER,43060598/SEJMESMB
25/1/2019,5000,BUSINESS PREMISES,43095009/PVKLPWII
25/1/2019,3400,DEVELOPMENT LEVY,43095055/IEVCBHNA
