SURNAME,FIRST NAME, MIDDLE NAME,DESIGNATION,NATIONALITY,NUMBER OF MONTHS,DEVELOPMENT LEVY,GROSS INCOME,ANNUAL TAX PAID,TAXPAYER ID,STAFF PHONE NUMBER,STAFF EMAIL ADDRESS
Yusuf,Kazeem,Olatunde,Admin Manager,Nigerian,12,100,1200000,78000,N-4342450,8038109929,k.olatunde@yahoo.com
Ishola,Abiodun,Adetutu,Site Engineer,Nigerian,12,100,1800000,155600.04,N-2537225,8069150913,datfemmy2k@yahoo.com
Adeosun,Sunday,Olanipekun,Fabricator,Nigerian,12,100,1200000,78000,N-2537176,8036359841,adeosunsunday@yahoo.com
Durojaiye,Sefiu,Oluwaseun,Driver,Nigerian,12,100,840000,39920.04,,8032866120,
Ifatola,Kazeem,Abiodun,Welder,Nigerian,12,100,600000,19600,N-2537173,8185583107,
Akinniran,Akinjole,Ajide,Fabricator,Nigerian,12,100,600000,19600,N-2537228,7056348394,
Banmore,Michael,Oluwafemi,Asst. Admin,Nigerian,12,100,420000,9520,,8136041049,bamoremichael@gmail.com
Yusuf,Oladiran,Wakilu,Fabricator,Nigerian,12,100,600000,19600,N-4691537,8132938571,oladiran4ril@yahoo.com
Adeshina ,Afeez,Adewale,Machinist,Nigerian,12,100,480000,12880,,8062225724,adeshina.afeez@yahoo.com
Latilo,Adegboro,Akinjide,Fabricator,Nigerian,12,100,420000,9520,,8022972315,
Abiodun,James,Charles,Machinist,Nigerian,12,100,480000,12880,,8130265991,
Akpojotor,Benson,Edema,Electrician,Nigerian,12,100,1080000,63600,,8062500191,benjumbj1@yahoo.com
Akintomide ,Olanrewaju,Blessing,Welder,Nigerian,12,100,420000,9520,,7032700833,
Akinde,Sunday,Yusuf,Driver,Nigerian,12,100,300000,3000,,8110790419,
Kilasho ,Afeez,Olasupo,Welder,Nigerian,12,100,540000,16240,,8103629518,tinyyoyo16@gmail.com
Omotosho ,Monsuru,Alani,Welder,Nigerian,12,100,540000,16240,,8125666866,
Keduku ,Pelumi,Peter,Fabricator,Nigerian,12,100,540000,16240,,7082295560,
Oyanameh,Precious,Buoro,Customer Relation ,Nigerian,2,100,140000,6653.34,,7062991028,preciousoyanameh@gmail.com
