SURNAME,OTHER NAMES,DESIGNATION,NATIONALITY,GROSS INCOME,STAFF PHONE NUMBER,STAFF EMAIL ADDRESS
Yusuf,Kazeem Olatunde,Admin Manager,Nigerian,1200000,8038109929,k.olatunde@yahoo.com
Ishola,Abiodun Adetutu,Site Engineer,Nigerian,1800000,8069150913,datfemmy2k@yahoo.com
Adeosun,Sunday Olanipekun,Fabricator,Nigerian,1200000,8036359841,adeosunsunday@yahoo.com
Durojaiye,Sefiu Oluwaseun,Driver,Nigerian,840000,8032866120,nil
Ifatola,Kazeem Abiodun,Welder,Nigerian,600000,8185583107,nil
Akinniran,Akinjole Ajide,Fabricator,Nigerian,600000,7056348394,nil
Yusuf,Oladiran Wakilu,Fabricator,Nigerian,600000,8132938571,oladiran4ril@yahoo.com
Adeshina ,Afeez,Machinist,Nigerian,480000,8062225724,adeshina.afeez@yahoo.com
Latilo,Adegboro Akinjide,Fabricator,Nigerian,420000,8022972315,nil
Banmore,Michael Oluwafemi,Asst. Admin,Nigerian,420000,8136041049,bamoremichael@gmail.com
Abiodun,James Charles,Machinist,Nigerian,480000,8130265991,nil
Akpojotor,Benson Edema,Electrician,Nigerian,1080000,8062500191,benjumbj1@yahoo.com
Akintomide,Olanrewaju Blessing,Welder,Nigerian,420000,7032700833,nil
Omotosho ,Monsuru Alani,Welder,Nigerian,540000,8125666866,nil
Keduku ,Pelumi Peter,Fabricator,Nigerian,540000,7057555729,nil
Akinde,Sunday Yusuf,Driver,Nigerian,300000,8110790419,nil
Kilasho ,Afeez Olasupo,Welder,Nigerian,540000,8103629518,tinyyoyo16@gmail.com
