DATE OF PAYMENT,AMOUNT PAID,PERIOD OF PAYMENT,RECEIPT NUMBER
09-Apr-18,48350,January,1809916252
09-Apr-18,48350,February,41545849/ZYGTKBZH
09-Apr-18,48350,March,41545899/EYEPUVBH
09-May-18,48350,April,41716256/MRYWPUPW
11-Jun-18,48350,May,41792591/DLSMKEUK
12-Jul-18,51700,June,42063582/PACUXUST
17-Aug-18,51700,July,42273596/WYGZSXQK
12-Oct-18,48350,August,42589141/LLSAYDNY
15-Nov-18,48350,September,42771071/MVJLIAQP
15-Nov-18,48350,October,42771080/QQJYEDMW
05-Dec-18,48350,November,42869786/JRDNAELW
04-Jan-19,48350,December,43015725/EAPATPJE
