DATE OF PAYMENT,AMOUNT PAID,PERIOD OF PAYMENT,RECEIPT NUMBER
31-01-18,"19,306.57",JANUARY,40579112/MKPEAJHC
05-03-18,"18,233.24",FEBRUARY,40945116/UBBNYJNG
05-04-18,"13,833.24",MARCH,41285298/KKCJCHHV
30-04-18,"8,406.58",APRIL,41667195/EDPIPGXZ
30-05-18,"14,906.57",MAY,41827504/PHMDZIIA
29-06-18,"15,979.90",JUNE,41983291/HDPQNEWH
30-07-18,"11,259.97",JULY,42151313/RXSUAFEC
26-09-18,"23,666.66",AUGUST,42480324/QQZYEL
26-09-18,"24,739.97",SEPTEMBER,42483180/AHPGNY
26-10-18,"23,666.64",OCTOBER,42674535/MLQWDWBL
26-11-18,"22,079.88",NOVEMBER,42821064/LIGGSAJU
17-12-18,"22,079.98",DECEMBER,42937645/ZPCSNMBU
16-01-19,"5,000.00",BUSINESS PREM 2018,43078177/JYFAEQWC
16-01-19,"1,400.00",DEV LEVY 2018,43078111/ZSGEJMYJ
