SURNAME,FIRST NAME, MIDDLE NAME,DESIGNATION,NATIONALITY,NUMBER OF MONTHS,DEVELOPMENT LEVY,GROSS INCOME,ANNUAL TAX PAID,TAXPAYER ID,STAFF PHONE NUMBER,STAFF EMAIL ADDRESS
NKORO,ETAGBARHA,ETAGBARHA,MANAGER,NIGERIAN,5,100,"1,800,000.00","64,833.35",,7031889959,
AMANFO , JOSEPHINE, JOSEPHINE,HEAD OF LOGISTICS,NIGERIAN,11,100,"1,200,000.00","71,499.89",,8086715273,
MOHAMMEND,ABBAH,ABBAH,SECURITY GUARD,NIGERIAN,12,100,"360,000.00","5,646.63",,8060574352,
SAKA,SHAKIRU,SHAKIRU,DRIVER,NIGERIAN,2,100,"480,000.00","2,146.66",,8032268355,
ADISA,SHUAIB,SHUAIB,DRIVER,NIGERIAN,5,100,"480,000.00","5,366.65",,8032341369,
JATO,MICHAEL,MICHAEL,DRIVER,NIGERIAN,10,100,"480,000.00","10,733.30",,8037619684,
ABUBAKAR,YUSUF,YUSUF,SALES EXECUTIVE,NIGERIAN,2,100,"840,000.00","6,653.34",,8030701003,
AKINWANDE,ALIMAT,ALIMAT,MARKETER,NIGERIAN,8,100,"480,000.00","8,586.64",,8094992091,
SULAIMAN,HASSSAN,HASSSAN,SECURITY GUARD,NIGERIAN,7,100,"360,000.00","3,593.31",,7066579989,
NWEKE,DANIEL,DANIEL,SECURITY GUARD,NIGERIAN,12,100,"360,000.00","6,159.96",,8103155399,
 OKPUGO,CHARLES,CHARLES,FACTORY  MANAGER,NIGERIAN,6,100,"960,000.00","25,239.60",,8023655925,
ODUOYE ,ADETOLA,ADETOLA,TILLER MAN,NIGERIAN,6,100,"360,000.00","3,079.98",,8083105048,
SULAIMAN,ABUBAKAR,ABUBAKAR,SECURITY GUARD,NIGERIAN,5,100,"360,000.00","2,566.65",,8038308219,
IBRAHIM,JACOB,JACOB,SECURITY GUARD,NIGERIAN,4,100,"360,000.00","2,053.32",,7033789781,
