DATE OF PAYMENT,AMOUNT PAID, PERIOD OF PAYMENT,RECEIPT NUMBER,TYPE OF WITHHOLDING
09-03-18,"88,470.77",JANUARY,40985719/VURAUZZX,PROFESSIONAL FEE
10-04-18,"192,069.92",FEBRUARY,41550235/IYYMVTRP,PROFESSIONAL FEE
09-05-18,"139,721.29",MARCH,41718469/YSHWKPKM,PROFESSIONAL FEE
12-06-18,"99,751.32",APRIL,41898986/AGKBBNHC,PROFESSIONAL FEE
09-07-18,"261,228.40",MAY,42035829/AKPYLVNU,PROFESSIONAL FEE
02-08-18,"190,476.31",JUNE,42177852/ZLNDCFXJ,PROFESSIONAL FEE
17-09-18,"209,840.47",JULY,42418533/RUWAEXVN,PROFESSIONAL FEE
11-10-18,"190,501.32",AUGUST,42573159/WGDLMVLT,PROFESSIONAL FEE
09-11-18,"64,550.00",SEPTEMBER,42752381/NWTKTAXY,PROFESSIONAL FEE
07-12-18,"213,472.16",OCTOBER/NOVEMBER,42885364/YPLWSQEZ,PROFESSIONAL FEE
04-01-18,"170,446.33",DECEMBER,43014494/KWUTYSVA,PROFESSIONAL FEE
TOTAL,"1,820,528.29",,,
