SURNAME,FIRST NAME, MIDDLE NAME,DESIGNATION,NATIONALITY,NUMBER OF MONTHS,DEVELOPMENT LEVY,GROSS INCOME,ANNUAL TAX PAID,TAXPAYER ID,STAFF PHONE NUMBER,STAFF EMAIL ADDRESS
Owowo,Uchenna,,DOCTOR,NIGERIAN,12,100,"4,894,560.00","607,211.16",N-1337900,8056135880,
Adesanya,Wasiat,,DOCTOR,NIGERIAN,12,100,"1,975,114.71","159,947.31",N-901165535,8069473650,
 Ogunremi  ,Olagoke,Ayodeji,DOCTOR,NIGERIAN,1,100,"102,000.00","5,721.35",,,
 Adekunle , Oyelaja,,DOCTOR,NIGERIAN,12,100,"1,272,275.29","74,924.06",N-11525514,8080245970,
 Abere  ,Omotoye ,Christopher,DOCTOR,NIGERIAN,12,100,"1,208,864.15","68,518.71",,8034254979,
 Epuechi  ,Nnedima,Ifeyinwa,DOCTOR,NIGERIAN,12,100,"1,193,299.58","66,098.06",,,
 Bademosi  ,Oyeyemi, Olubunmi,DOCTOR,NIGERIAN,12,100,"1,193,312.44","63,407.39",,,
 Ethel  ,Obuaigwe,,DOCTOR,NIGERIAN,4,100,"388,071.42","19,682.76",,,
 Effiom  ,Idongesit,,DOCTOR,NIGERIAN,12,100,"1,181,051.42","63,725.88",,,
 Oguntoye  ,Ronke,,DOCTOR,NIGERIAN,12,100,"1,154,646.66","61,885.88",,,
 Oyeniyi  ,Juliana,,DOCTOR,NIGERIAN,12,100,"1,175,146.67","64,345.88",,,
 Okpanachi  ,Jumai,,DOCTOR,NIGERIAN,12,100,"1,264,515.35","73,993.75",,,
 Rufus  ,Glory,Ita,DOCTOR,NIGERIAN,10,100,"940,333.33","48,946.90",,,
 Ogunsanwo , Oluwatosin ,,DOCTOR,NIGERIAN,10,100,"945,500.00","49,566.90",,,
 Adesanya  ,Titilope,,DOCTOR,NIGERIAN,2,100,"186,000.00","9,541.38",,,
 Adewale  ,Titilope,,DOCTOR,NIGERIAN,3,100,"305,000.00","17,550.46",,,
 Jackson Udoh  ,Nnenna,Yvonne,DOCTOR,NIGERIAN,1,100,"90,000.00","4,455.54",,,
 Okoli  ,Chukwudi,,DOCTOR,NIGERIAN,12,100,"3,526,920.00","399,565.71",N-7215569,,
 Matthew-Okore  ,Amalachukwu,,DOCTOR,NIGERIAN,12,100,"3,489,120.00","399,565.71",N-3487958,,
 Awerioghene  ,Uwaye,,DOCTOR,NIGERIAN,2,100,"224,000.00","13,757.12",N-3626727,,
  Mgbojikwe ,Onyinye ,Sandra,DOCTOR,NIGERIAN,12,100,"1,398,262.72","89,998.02",,,
 Onwuama  ,Adaku,,DOCTOR,NIGERIAN,12,100,"1,266,203.87","74,240.02",,,
 Ekpo , Affiong ,Etim,DOCTOR,NIGERIAN,12,100,"1,266,203.87","74,240.02",,,
 Owolabi ,Olabisi ,,DOCTOR,NIGERIAN,5,100,"480,000.00","25,510.00",,,
  Onyecheleram ,Rose-Juliet,,DOCTOR,NIGERIAN,12,100,"1,564,134.19","107,237.66",,,
 Nwosu  ,Olisaemeka,,DOCTOR,NIGERIAN,12,100,"1,191,721.29","65,990.55",,,
  Ogudugu ,Festus,,DOCTOR,NIGERIAN,6,100,"576,000.00","30,612.00",,,
 Motilewa  ,Elizabeth,,DOCTOR,NIGERIAN,11,100,"1,056,480.00","56,495.19",N-9446024,,
 Adebola ,Busayo,,DOCTOR,NIGERIAN,12,100,"1,164,480.00","63,065.88",,,
 Adejumo  ,Taiwo,,DOCTOR,NIGERIAN,12,100,"1,154,480.00","57,848.28",,,
 Agba  ,Arinze,,DOCTOR,NIGERIAN,8,100,"1,920,000.00","189,653.36",,,
 Obionwu  ,Nosiike,,DOCTOR,NIGERIAN,8,100,"749,000.00","38,765.52",,,
 Ofojekwu  ,Ursula,,DOCTOR,NIGERIAN,8,100,"749,000.00","38,765.52",,,
  Aina ,Funke,,DOCTOR,NIGERIAN,5,100,"454,838.70","21,948.72",,,
 Oduwole  ,Theresa,Etherebe,HEALTH SERVICE MANAGER,NIGERIAN,12,100,"3,377,200.00","413,344.88",N-4725695,7061548478,
 Adetunji  ,Adedeji, Emmanuel,ACCOUNTANT,NIGERIAN,6,100,"871,776.00","68,736.00",N-8636184,,
 Fashina , Olubola,Debbie,ACCOUNT OFFICER,NIGERIAN,5,100,"312,903.22","10,747.15",,7031267656,
 Onakoya  ,Oluseyi,Olubola,HUMAN RESOURCES,NIGERIAN,12,100,"1,466,316.15","87,049.89",N-4655778,8033192284,
 Olabode  ,Oluwatosin,Rachael,HUMAN RESOURCES,NIGERIAN,10,100,"1,053,000.00","60,076.67",,,
  Emetu ,Chinyere,,NURSE,NIGERIAN,7,100,"649,620.00","42,500.00",N-12261296,,
 Okojie  ,Mabel,,NURSE,NIGERIAN,12,100,"749,708.92","25,945.55",N-4615843,8024300400,
 Iworh , Margaret,,NURSE,NIGERIAN,12,100,"651,866.96","20,303.43",,,
 Adepoju , Joana,,NURSE,NIGERIAN,12,100,"1,022,340.00","48,845.64",N-4765659,,
 Ekpeyong , Ivy,,NURSE,NIGERIAN,12,100,"756,801.83","27,311.42",N-90146485,,
 Anaele ,Kate,,NURSE,NIGERIAN,1,100,"45,000.00","1,152.52",N-90515768,,
 Nwabuisi  ,Juliana ,,NURSE,NIGERIAN,3,100,"177,449.30","5,714.24",N-3548820,,
 Chuckwuocha  ,Comfort,,NURSE,NIGERIAN,12,100,"480,893.08","11,959.02",N-4466039,,
 Oyezechukwu   ,Ewere,,NURSE,NIGERIAN,9,100,"520,707.36","17,345.20",N-90455835,,
 Etakaroma  ,Charity,,NURSE,NIGERIAN,12,100,"663,761.93","21,656.64",N-618346,,
Chukwuma,Gladys,Chioma,NURSE,NIGERIAN,12,100,"753,608.28","28,513.60",,,
 Oni  ,Abisola ,Regina,NURSE,NIGERIAN,12,100,"753,486.97","26,726.61",N-9805733,,
 Shadrach , Chinwe,,NURSE,NIGERIAN,12,100,"595,081.71","18,474.05",,,
 Otuechere  ,Sonia, Chinomso,NURSE,NIGERIAN,1,100,"39,000.00",843.3,,,
 Okereke , Ugonna, Anita,NURSE,NIGERIAN,12,100,"500,280.00","14,855.26",,,
 Nnenaya  ,Joseph,Godwin,NURSE,NIGERIAN,12,100,"644,009.76","19,863.43",,,
 Okoli  ,Onyeka, Chidiogo,NURSE,NIGERIAN,12,100,"664,934.22","21,228.94",N-3747147,,
Ezissi ,Amaka,,NURSE,NIGERIAN,1,100,"47,419.35","1,288.00",,,
Okeh Anoruo ,Emmanuela,,NURSE,NIGERIAN,9,100,"549,134.49","18,200.59",,,
Ojiako , Phina,Olisamaka,NURSE,NIGERIAN,12,100,"729,472.76","25,053.26",,,
Olorunfemi, Faith ,,NURSE,NIGERIAN,5,100,"304,165.88","10,129.21",,,
Abolaji, Oluwaseyi,,NURSE,NIGERIAN,5,100,"240,000.00","6,535.65",,,
Ifeoluwa ,Arokodare,,NURSE,NIGERIAN,9,100,"426,000.00","11,454.95",,,
Adenike ,Adekoya,,NURSE,NIGERIAN,3,100,"138,000.00","3,612.17",,,
Linda ,Okeke,,NURSE,NIGERIAN,5,100,"210,000.00","4,989.55",,,
Udegbunam ,Sarah,,NURSE,NIGERIAN,4,100,"204,000.00","5,847.00",,,
Okehie ,Geraldine,Geraldine,NURSE,NIGERIAN,3,100,"162,000.00","4,849.08",,,
 Oke  ,Esther,,NURSE,NIGERIAN,12,100,"1,113,400.00","57,594.65",N-4513052,,
 Mkpong ,Silas, Enam,NURSE,NIGERIAN,12,100,"559,175.97","15,345.01",N-3548819,,
Etumonuwa, Loveth,,NURSE,NIGERIAN,12,100,"723,498.47","23,973.57",N-3716660,,
Alabi,Blessing ,,NURSE,NIGERIAN,9,100,"452,354.83","13,049.07",N-8775735,,
Ononiwu ,Christen,,NURSE,NIGERIAN,11,100,"628,512.18","20,649.19",N-5292077,,
Ebhomien, Augusta,,NURSE,NIGERIAN,12,100,"1,002,160.00","46,675.33",N-9555959,,
Ihugbo ,Chinwe,,NURSE,NIGERIAN,12,100,"680,294.08","22,018.13",N-8705905,,
Adeyemo ,Aderonke,,NURSE,NIGERIAN,12,100,"633,856.91","19,540.80",,,
Okoro, Mariam,,NURSE,NIGERIAN,4,100,"207,114.05","6,128.47",,,
Okonkwo ,Chioma,,NURSE,NIGERIAN,12,100,"654,181.93","20,662.67",,,
Osueke ,Lovina, Chiamaka,NURSE,NIGERIAN,12,100,"646,237.47","20,304.59",,,
Oguejiofor, Jane,,NURSE,NIGERIAN,12,100,"638,628.80","19,801.01",,,
Ogbonna ,Nkiruka ,Lillian,NURSE,NIGERIAN,2,100,"97,258.06","2,711.49",N-3769491,,
Akillo, Rukayat,,NURSE,NIGERIAN,9,100,"467,161.29","13,599.36",,,
Owoseni ,Monsurat,,NURSE,NIGERIAN,12,100,"601,510.72","17,566.77",,,
Obiorah ,Alexis,,NURSE,NIGERIAN,10,100,"608,129.02","21,341.62",,,
Akintokun ,Funmilola,,NURSE,NIGERIAN,12,100,"600,070.30","17,731.45",,,
Oguochal, Perpetua,,NURSE,NIGERIAN,12,100,"618,226.19","18,713.23",,,
Eweh ,Chioma,,NURSE,NIGERIAN,9,100,"480,000.00","14,238.01",,,
Anyawu ,Emmanuella,,NURSE,NIGERIAN,3,100,"153,000.00","4,385.25",,,
Okereke ,Prinston,,NURSE,NIGERIAN,5,100,"258,666.62","7,925.25",,,
 Ekwueme,Mary jane,,NURSE,NIGERIAN,1,100,"51,000.00","1,461.75",,,
Adebayo, Adeola,,NURSE,NIGERIAN,1,100,"69,000.00","2,859.99",,,
Bello,Jennifer,,NURSE,NIGERIAN,1,100,"48,000.00","1,307.13",,,
Fatola, Barakat,Tinuola,NURSE,NIGERIAN,1,100,"48,000.00","1,307.13",,,
Aigbomian, Festus,,LAB OFFICER,NIGERIAN,12,100,"1,408,103.99","89,033.01",N-3886680,,
 Ikhine  ,Rawlings,,LAB OFFICER,NIGERIAN,12,100,"1,292,460.16","65,376.21",,,
 Osayuwamen  ,Irene,,LAB OFFICER,NIGERIAN,12,100,"1,782,838.70","135,807.86",,,
  Aigberodion ,Jerry,,LAB OFFICER,NIGERIAN,12,100,"989,241.29","45,606.31",,,
 Uchechi  ,Ubah,,PHARMACIST,NIGERIAN,12,100,"1,080,153.33","50,711.12",,8063792806,
 Wuraola  ,Badiru,,PHARMACIST,NIGERIAN,12,100,"1,079,487.30","47,821.22",,9026096751,
 Ogedengbe , Oriyomi,,PHARMACIST,NIGERIAN,7,100,"651,225.80","25,677.96",,,
Ezeanugu,Chiamaka, Agape ,PHARMACIST,NIGERIAN,2,100,"168,000.00","7,939.24",,,
 Kenechukwu  ,Obi ,Okpala,PHARMACIST,NIGERIAN,1,100,"60,000.00","2,025.92",,,
 Uchegbulam , Adanze O.,,PHARMACIST,NIGERIAN,12,100,"1,204,819.28","66,933.77",N-5006902,8188707313,
 Chukwunonso  ,Ngene,,PHARMACIST,NIGERIAN,1,100,"87,450.00","4,212.58",,,
 Mayokun  ,Bankole,,PHARMACIST,NIGERIAN,2,100,"168,000.00","6,324.96",,,
  Madueke ,Chidimma,,PHARMACIST,NIGERIAN,5,100,"424,516.13","17,823.64",,,
 Anyanwu ,Nneka ,,PHARMACIST TECHNICIAN,NIGERIAN,3,100,"149,161.30","4,210.43",,,
 Ubaka  ,Blessing,,ADMIN OFFICER,NIGERIAN,12,100,"815,760.00","28,787.17",N-90176404,,
 Ayoade  ,Lydia ,Oluwakemi,ADMIN OFFICER,NIGERIAN,12,100,"591,933.33","16,580.17",N-4767633,,
  Adeleke ,Oluwole,Solomon,ADMIN OFFICER,NIGERIAN,12,100,"881,760.00","32,483.17",N-6126467,,
 Ebong   ,Blessing,Monday,ADMIN OFFICER,NIGERIAN,12,100,"593,280.00","16,818.14",N-8845690,,
  Olaniyan ,Mercy,,ADMIN OFFICER,NIGERIAN,12,100,"593,280.00","16,818.14",,8025386838,
 Nwosu , Ijeoma,Precious,ADMIN OFFICER,NIGERIAN,12,100,"583,200.00","15,975.36",,,
 Kayode  ,Ezekiel,,ADMIN OFFICER,NIGERIAN,4,100,"192,000.00","5,228.52",,,
 Ogunsola   ,Olamide,Temitope,ADMIN OFFICER,NIGERIAN,10,100,"456,750.00","11,867.76",,,
 Onalaru , Aderemi,,ADMIN OFFICER,NIGERIAN,10,100,"497,280.00","14,279.48",,,
 Adenekan  ,Adeyinka,,ADMIN OFFICER,NIGERIAN,9,100,"673,920.00","26,807.48",,,
 Ughanwa  ,Esther, Ngozi,ADMIN OFFICER,NIGERIAN,12,100,"519,120.00","12,722.40", ,,
 Ogunnaike  ,Olubukola,Maria,ADMIN OFFICER,NIGERIAN,12,100,"519,120.00","12,790.66",N-2966386,8066898010,
 Ezeka , Onyinye,MaryAnn,ADMIN OFFICER,NIGERIAN,12,100,"519,120.00","12,722.40",N-7069389,8068288626,
 Oguntoye  ,Olubukola,Oluwaseun,ADMIN OFFICER,NIGERIAN,12,100,"556,200.00","14,631.12",N-6421875,8067357742,
 Antia , Idoreyine,Esther,ACCOUNT OFFICER,NIGERIAN,12,100,"521,378.07","12,815.78",,,
 Medaiyese , Sanya,Juwon,FACILITY OFFICER,NIGERIAN,12,100,"521,378.07","12,884.04",N-5812015,,
 Akeremole  ,Moyo,,ADMIN OFFICER,NIGERIAN,3,100,"144,000.00","3,921.39",,,
  Ogunsina ,Damilola,,ADMIN OFFICER,NIGERIAN,5,100,"270,000.00","7,869.15",,,
 Omooba ,Gloria,Olabisi,ADMIN OFFICER,NIGERIAN,5,100,"242,580.64","6,566.77",,8023911207,
  Adeoye ,Damilola,Tolulope,ADMIN OFFICER,NIGERIAN,3,100,"135,000.00","3,386.68",,,
 Saka , Zarat, Iyabo,ADMIN OFFICER,NIGERIAN,2,100,"90,774.20","2,309.02",,,
 Adewoye , Omolade,,ADMIN OFFICER,NIGERIAN,1,100,"60,000.00","1,925.58",,,
Juliet,Onogoro ,,ADMIN OFFICER,NIGERIAN,12,100,"704,520.00","22,505.06",N-4565925,,
 Otitoju  ,Tayo,,FACILITY OFFICER,NIGERIAN,12,100,"704,440.00","22,294.28",N-90336055,8062241389,
 Yakubu  ,Iyabo,,ADMIN OFFICER,NIGERIAN,12,100,"604,748.84","17,461.92",N-4957141,8023511803,
 Akinmo  ,Oluwaseun, Sumbo,ADMIN OFFICER,NIGERIAN,12,100,"667,440.00","21,408.49",N-6226268,,
 Olatuja , Olayinka,,ADMIN OFFICER,NIGERIAN,8,100,"432,000.00","12,590.64",N-4258121,,
 Balogun , Jumoke,,ADMIN OFFICER,NIGERIAN,12,100,"958,240.00","37,848.98",,8033947752,
 Oyeniyi  ,Oluwaseye,Funmilola,ADMIN OFFICER,NIGERIAN,12,100,"601,280.00","17,266.14",,,
 Suto ,Essiet,Blessing,ADMIN OFFICER,NIGERIAN,12,100,"634,369.15","19,043.57",,,
  Oziegbe ,Mercy,,ADMIN OFFICER,NIGERIAN,12,100,"657,483.14","20,489.93",,,
 Tejuosho ,Jadesola ,Adefebi,ADMIN OFFICER,NIGERIAN,12,100,"681,933.33","22,024.16",,,
 Ifediora  ,Sandra, Chika,ADMIN OFFICER,NIGERIAN,12,100,"621,613.33","18,329.21",,,
 Olomo  ,Temilola,,ADMIN OFFICER,NIGERIAN,4,100,"168,000.00","3,991.64",,,
  Olusola ,Pamilerin,,ADMIN OFFICER,NIGERIAN,5,100,"233,333.33","6,229.56",,,
  David ,Raphael,,ADMIN OFFICER,NIGERIAN,6,100,"272,000.00","6,865.67",,,
  Olagunju ,David,,ADMIN OFFICER,NIGERIAN,5,100,"240,000.00","6,422.25",,8028851431,
 Magboma ,Shalom ,,ADMIN OFFICER,NIGERIAN,1,100,"60,064.51","1,976.45",,,
  Bamiteko ,Ronke,,ADMIN OFFICER,NIGERIAN,3,100,"135,000.00","3,386.68",,8069632308,
  Akinmo ,Damilola,,ADMIN OFFICER,NIGERIAN,1,100,"48,000.00","1,269.33",,,
 Okoh  ,Blessing,,ADMIN OFFICER,NIGERIAN,1,100,"48,000.00","1,269.33",,,
 Amba  ,Tamuno-Francis,,QUALITY ASSURANCE OFFICER,NIGERIAN,3,100,"252,000.00","10,893.84",,8082248618,
  Omotunde ,Ademola,,COMMUNITY DEVELOPMENT OFFICER,NIGERIAN,3,100,"144,000.00","3,845.79",,,
  Kossi N'souvi ,Micheal,,CHEF,TOGOLESE,12,100,"448,555.52","8,910.19",N-90525721,,
 Nwaokafor , Maryjane,,CHEF,NIGERIAN,12,100,"458,385.38","9,099.56",,8163551414,
  Ganglo ,Etienne,,CHEF,NIGERIAN,12,100,"81,000.00","8,941.97",N-3576766,,
 Hounkpe  ,John ,Igor,CHEF,NIGERIAN,12,100,"432,775.94","8,933.16",,,
 Joseph  ,Kehinde,,KITCHEN ASSISTANCE,NIGERIAN,3,100,"436,704.52","1,881.65",,,
 Hassan , Modupe,,KITCHEN ASSISTANCE,NIGERIAN,3,100,"81,000.00","2,151.65",,,
 Timothy ,Nkoyo,,SUPPORT,NIGERIAN,12,100,"333,720.00","3,717.90",,,
 Okwechime , Micheal,,SUPPORT,NIGERIAN,12,100,"344,322.58","8,088.72",,,
 Adeniyi  ,Rafiu,,DRIVER,NIGERIAN,12,100,"796,135.08","33,516.71",N-6136476,,
 Adedoyin  ,Oladimeji,,DRIVER,NIGERIAN,12,100,"688,864.11","23,372.48",N-12247127,,
