DATE OF PAYMENT,PERIOD OF PAYMENT,RECEIPT NUMBER,,
,,,,
09-02-18,JANUARY,40738085/SYHBGNKU,498937.67,
,,40738082/LJRSKGYJ,,
09-03-18,FEBRUARY,40985746/TCKETHCL,464053.85,
,,40985740/YFBHVMHG,,
10-04-18,MARCH,41550140/IHPQEQGM,484126.22,
,,41550253/WVXTBEBC,,
09-05-18,APRIL,41716212/KNPZWWLV,489775.25,
,,41718446/XHPYUPPF,,
12-06-18,MAY,41899040/VXLZQWWU,492509.5,
,,41898980/HDRDSDPF,,
09-07-18,JUNE,42035820/MLZYZKZP,492982.3,
,,42035839/MDGVTMXZ,,
02-08-18,JULY,42177834/YDPHDQCH,475163.82,
,,42177867/RKELTPIL,,
10-09-18,AUGUST,42381784/UQQMFDTJ,475163.82,
,,42381752/SLAEEPHP,,
11-10-18,SEPTEMBER,42573141/QHQGUVVN,518091.47,
,,42566230/DYCCFSAJ,,
12-11-18,OCTOBER,42752881/AUXUTXTH,494682.48,
,,42752882/UUSHRWGC,,
07-12-18,NOVEMBER,42885328/ELQTMLMT,600055.46,
,,42885236/FGXDQQZT,,
04-01-19,DECEMBER,43014475/YMHPWSZE,468108.06,
,,43014481/WYGABIFQ,,
,,,,
TOTAL,,,,
,,,,
,,,,
,,,,
Development levy,2018,43073997/XTNPBYUE,,
Business Premises (Surulere),2018,43074005/MVQLKLAF,,
Business Premises (Lekki),2018,43074007/CZXPIXHL,,
