SURNAME,OTHER NAMES,DESIGNATION,NATIONALITY,GROSS INCOME,STAFF PHONE NUMBER,STAFF EMAIL ADDRESS
Owowo,Uchenna,DOCTOR,NIGERIAN,"4,752,000.00",8056135880,
Adesanya,Wasiat,DOCTOR,NIGERIAN,"1,882,800.00",8069473650,
 Adekunle  , Oyelaja,DOCTOR,NIGERIAN,"1,224,000.00",8080245970,
 Abere  ,Omotoye ,DOCTOR,NIGERIAN,"1,152,000.00",,
 Epuechi  ,Ifeyinwa,DOCTOR,NIGERIAN,"1,152,000.00",,
 Bademosi  ,Oyeyemi,DOCTOR,NIGERIAN,"1,152,000.00",,
 Effiom  ,Idongesit,DOCTOR,NIGERIAN,"1,116,000.00",,
 Oguntoye  ,Ronke,DOCTOR,NIGERIAN,"1,116,000.00",,
 Oyeniyi  ,Juliana,DOCTOR,NIGERIAN,"1,116,000.00",,
 Okpanachi  ,Jumai,DOCTOR,NIGERIAN,"1,224,000.00",,
 Rufus  ,Glory,DOCTOR,NIGERIAN,"1,116,000.00",,
 Adewale  ,Titilope,DOCTOR,NIGERIAN,"1,080,000.00",,
 Jackson Udoh  ,Nnenna,DOCTOR,NIGERIAN,"1,080,000.00",,
 Okoli  ,Chukwudi,DOCTOR,NIGERIAN,"3,504,000.00",,
 Matthew-Okore  ,Amalachukwu,DOCTOR,NIGERIAN,"3,504,000.00",,
  Mgbojikwe ,Onyinye ,DOCTOR,NIGERIAN,"1,512,000.00",,
 Onwuama  ,Adaku,DOCTOR,NIGERIAN,"1,224,000.00",,
 Ekpo , Affiong ,DOCTOR,NIGERIAN,"1,224,000.00",,
  Onyecheleram ,Rose-Juliet,DOCTOR,NIGERIAN,"1,512,000.00",,
 Nwosu  ,Olisaemeka,DOCTOR,NIGERIAN,"1,152,000.00",,
 Motilewa  ,Elizabeth,DOCTOR,NIGERIAN,"1,116,000.00",,
 Adebola ,Busayo,DOCTOR,NIGERIAN,"1,116,000.00",,
 Adejumo  ,Taiwo,DOCTOR,NIGERIAN,"1,116,000.00",,
 Obionwu  ,Nosiike,DOCTOR,NIGERIAN,"1,116,000.00",,
 Ofojekwu  ,Ursula,DOCTOR,NIGERIAN,"1,116,000.00",,
  Aina ,Funke,DOCTOR,NIGERIAN,"1,080,000.00",,
 Oduwole  ,Theresa,HEALTH SERVICE MANAGER,NIGERIAN,"3,240,000.00",,
 Fashina , Olubola,ACCOUNT OFFICER,NIGERIAN,"720,000.00",7031267656,
 Onakoya  ,Oluseyi,HUMAN RESOURCES,NIGERIAN,"1,368,000.00",,
 Olabode  ,Oluwatosin,HUMAN RESOURCES,NIGERIAN,"1,224,000.00",,
 Okojie  ,Mabel,NURSE,NIGERIAN,"684,000.00",,
 Iworh , Margaret,NURSE,NIGERIAN,"612,000.00",8063787977,
 Adepoju , Joana,NURSE,NIGERIAN,"1,051,200.00",,
 Ekpeyong , Ivy,NURSE,NIGERIAN,"720,000.00",,
 Chuckwuocha  ,Comfort,NURSE,NIGERIAN,"446,400.00",8036921125,
 Oyezechukwu   ,Ewere,NURSE,NIGERIAN,"684,000.00",,
 Etakaroma  ,Charity,NURSE,NIGERIAN,"720,000.00",8062570261,
 Oguamanam  ,Gladys,NURSE,NIGERIAN,"684,000.00",,
 Oni  ,Abisola ,NURSE,NIGERIAN,"576,000.00",,
 Shadrach , Chinwe,NURSE,NIGERIAN,"576,000.00",,
 Nnenaya  ,Joseph,NURSE,NIGERIAN,"612,000.00",,
 Okoli  ,Onyeka,NURSE,NIGERIAN,"626,400.00",,
Ojiako , Phina,NURSE,NIGERIAN,"684,000.00",,
Ifeoluwa ,Arokodare,NURSE,NIGERIAN,"576,000.00",,
Linda ,Okeke,NURSE,NIGERIAN,"504,000.00",,
Udegbunam ,Sarah,NURSE,NIGERIAN,"612,000.00",,
Okehie ,Geraldine,NURSE,NIGERIAN,"648,000.00",,
 Oke  ,Esther,NURSE,NIGERIAN,"1,080,000.00",,
 Mkpong ,Silas,NURSE,NIGERIAN,"504,000.00",,
Etumonuwa, Loveth,NURSE,NIGERIAN,"684,000.00",,
Alabi,Blessing ,NURSE,NIGERIAN,"612,000.00",,
Ononiwu ,Christen,NURSE,NIGERIAN,"648,000.00",,
Ebhomien, Augusta,NURSE,NIGERIAN,"972,000.00",,
Ihugbo ,Chinwe,NURSE,NIGERIAN,"648,000.00",,
Adeyemo ,Aderonke,NURSE,NIGERIAN,"612,000.00",,
Okonkwo ,Chioma,NURSE,NIGERIAN,"648,000.00",,
Osueke ,Lovina,NURSE,NIGERIAN,"612,000.00",,
Oguejiofor, Jane,NURSE,NIGERIAN,"612,000.00",,
Owoseni ,Monsurat,NURSE,NIGERIAN,"576,000.00",,
Akintokun ,Funmilola,NURSE,NIGERIAN,"576,000.00",,
Oguocha, Perpetua,NURSE,NIGERIAN,"576,000.00",,
Eweh ,Chioma,NURSE,NIGERIAN,"648,000.00",,
Anyawu ,Emmanuella,NURSE,NIGERIAN,"576,000.00",,
Okereke ,Prinston,NURSE,NIGERIAN,"576,000.00",,
 Ekwueme,Mary jane,NURSE,NIGERIAN,"612,000.00",,
Adebayo, Adeola,NURSE,NIGERIAN,"648,000.00",,
Bello,Jennifer,NURSE,NIGERIAN,"576,000.00",,
Fatola, Barakat,NURSE,NIGERIAN,"576,000.00",,
Aigbomian, Festus,LAB OFFICER,NIGERIAN,"792,000.00",8032220227,
 Ikhine  ,Rawlings,LAB OFFICER,NIGERIAN,"720,000.00",8071718218,
 Osayuwamen  ,Irene,LAB OFFICER,NIGERIAN,"1,584,000.00",,
  Aigberodion ,Jerry,LAB OFFICER,NIGERIAN,"936,000.00",,
 Uchechi  ,Ubah,PHARMACIST,NIGERIAN,"1,044,000.00",,
 Wuraola  ,Badiru,PHARMACIST,NIGERIAN,"1,008,000.00",,
 Chiamaka , Agape ,PHARMACIST,NIGERIAN,"1,008,000.00",,
 Kenechukwu  ,Obi ,PHARMACIST,NIGERIAN,"720,000.00",,
 Uchegbulam , Adanze O.,PHARMACIST,NIGERIAN,"1,080,000.00",,
  Madueke ,Chidimma,PHARMACIST,NIGERIAN,"1,008,000.00",,
 Anyanwu ,Nneka ,PHARMACIST TECHNICIAN,NIGERIAN,"576,000.00",,
 Ubaka  ,Blessing,ADMIN OFFICER,NIGERIAN,"792,000.00",7039585566,
 Ayoade  ,Lydia ,ADMIN OFFICER,NIGERIAN,"576,000.00",8163186329,
  Adeleke ,Oluwole,ADMIN OFFICER,NIGERIAN,"792,000.00",,
 Ebong   ,Blessing,ADMIN OFFICER,NIGERIAN,"576,000.00",8020569225,
  Olaniyan ,Mercy,ADMIN OFFICER,NIGERIAN,"576,000.00",,
 Nwosu , Ijeoma,ADMIN OFFICER,NIGERIAN,"576,000.00",,
 Ughanwa  ,Esther,ADMIN OFFICER,NIGERIAN,"504,000.00",,
 Ogunnaike  ,Olubukola,ADMIN OFFICER,NIGERIAN,"504,000.00",,
 Ezeka , Onyinye,ADMIN OFFICER,NIGERIAN,"504,000.00",,
 Oguntoye  ,Olubukola,ADMIN OFFICER,NIGERIAN,"540,000.00",,
 Antia , Idoreyine,ACCOUNT OFFICER,NIGERIAN,"504,000.00",8139545957,
 Medaiyese , Sanya,FACILITY OFFICER,NIGERIAN,"504,000.00",,
  Ogunsina ,Damilola,ADMIN OFFICER,NIGERIAN,"648,000.00",,
 Omooba ,Olabisi ,ADMIN OFFICER,NIGERIAN,"576,000.00",,
  Adeoye ,Damilola,ADMIN OFFICER,NIGERIAN,"504,000.00",,
 Saka , Zarat,ADMIN OFFICER,NIGERIAN,"504,000.00",,
 Adewoye , Omolade,ADMIN OFFICER,NIGERIAN,"720,000.00",,
Juliet,Onogoro ,ADMIN OFFICER,NIGERIAN,"684,000.00",,
 Otitoju  ,Tayo,FACILITY OFFICER,NIGERIAN,"648,000.00",,
 Yakubu  ,Iyabo,ADMIN OFFICER,NIGERIAN,"540,000.00",,
 Akinmo  ,Oluwaseun,ADMIN OFFICER,NIGERIAN,"648,000.00",,
 Balogun , Jumoke,ADMIN OFFICER,NIGERIAN,"1,008,000.00",,
 Oyeniyi  ,Oluwaseye,ADMIN OFFICER,NIGERIAN,"576,000.00",,
 Suto ,Essiet,ADMIN OFFICER,NIGERIAN,"576,000.00",,
  Oziegbe ,Mercy,ADMIN OFFICER,NIGERIAN,"576,000.00",,
 Tejuosho ,Jadesola ,ADMIN OFFICER,NIGERIAN,"720,000.00",,
 Ifediora  ,Sandra,ADMIN OFFICER,NIGERIAN,"576,000.00",,
  David ,Raphael,ADMIN OFFICER,NIGERIAN,"540,000.00",,
  Olagunju ,David,ADMIN OFFICER,NIGERIAN,"576,000.00",,
  Bamiteko ,Ronke,ADMIN OFFICER,NIGERIAN,"540,000.00",,
  Akinmo ,Damilola,ADMIN OFFICER,NIGERIAN,"576,000.00",,
 Okoh  ,Blessing,ADMIN OFFICER,NIGERIAN,"576,000.00",,
 Amba  ,Tamuno-Francis,QUALITY ASSURANCE OFFICER,NIGERIAN,"1,008,000.00",,
  Omotunde ,Ademola,COMMUNITY DEVELOPMENT OFFICER,NIGERIAN,"576,000.00",,
  Kossi N'souvi ,Micheal,CHEF,TOGOLESE,"381,600.00",,
 Nwaokafor , Maryjane,CHEF,NIGERIAN,"396,000.00",,
  Ganglo ,Etienne,CHEF,NIGERIAN,"396,000.00",,
 Hounkpe  ,John ,CHEF,NIGERIAN,"396,000.00",,
 Hassan , Modupe,KITCHEN ASSISTANCE,NIGERIAN,"324,000.00",,
 Timothy ,Nkoyo,SUPPORT,NIGERIAN,"324,000.00",,
 Okwechime , Micheal,SUPPORT,NIGERIAN,"324,000.00",,
 Adeniyi  ,Rafiu,DRIVER,NIGERIAN,"432,000.00",,
 Adedoyin  ,Oladimeji,DRIVER,NIGERIAN,"396,000.00",,
 TOTAL ,,,,"105,284,400.00",,
