SURNAME,OTHER NAMES,DESIGNATION,NATIONALITY,GROSS INCOME,STAFF PHONE NUMBER,STAFF EMAIL ADDRESS
KUMAR ,LALLAN,BUSINESS DEV. MANAGER,INDIAN,13500000,8090430066,
THAVEAVALEU,RAJ  MOHANDOS,QUALITY  TECH. CONTROLLER,INDIAN,7800000,7086302523,
LAHEJA,KISHORE,COMMERCIAL-MANAGER,INDIAN,6000000,7086302522,
MAYEKAR,ABHIJIT,TECHNICAL MANAGER,INDIAN,6000000,8187430570,
SAHOO,RASHMI,PRRDUCTION SUPERINTEDENT,INDIAN,7200000,8092958545,
OMORUYI,SAMUEL  AIMIEN,PERSONNEL MANAGER,NIGERIAN,7900000,7086302524,
FAGBENRO,ISIAKA  OLAWALE,ACCOUNT OFFICER,NIGERIAN,1600000,8066794363,
DUROJAIYE ,SHERIF,SALES EXECUTIVE,NIGERIAN,1750000,7081074015,
UWAKWE,EMMANUEL  MONDAY,SALES EXECUTIVE,NIGERIAN,1850000,8035261742,
AKHIGBE,PEDRO,SALES EXECUTIVE,NIGERIAN,2300000,7086302546,
ADESOJI,ADEBANJO  PETER,TECHNICAL OFFICER,NIGERIAN,1300000,7069440560,
OLASUBULUMI,ADEJARE  DANIEL,SALES EXECUTIVE,NIGERIAN,2100000,7086302550,
OLUWASANMI,LAWANSON,SALES OFFICER,NIGERIAN,2100000,8188111837,
ADEBOYEJO,MICHAEL  A,LABORTERY ASSISTANCE,NIGERIAN,751000,8136111272,
OLUSANMI,ISRAEL  OMOYENI,LABORTERY ASSISTANCE,NIGERIAN,940000,8108432383,
ATTAH,AMAH  OKON,OFFICE ASSISTANCE,NIGERIAN,1100000,808253356,
NWOSUKU,FREDRICK  ETINOSA,STORE SUPERVISOR,NIGERIAN,1050000,803480211,
EGWAI,FRIDAY,FACTORY MANAGER,NIGERIAN,1050000,802950605,
UTASALO,LINUS,VAN DRIVER,NIGERIAN,1100000,8055874996,
ABDULLAHI,MOHAMMED GBEKE,SECURITY OFFICER,NIGERIAN,1050000,802621763,
IGHARO,MICHAEL  OSAZUA,PRODUCTION MANAGER,NIGERIAN,1100000,8023522978,
NWAIGBA,JUDE  CHUKWULIEIKE,STORE SUPERVISOR,NIGERIAN,1050000,8029548219,
UDOH,ANIEFIOK  UDO,STORE SUPERVISOR,NIGERIAN,1100000,8024748363,
SORUNKE,BUNMI SUNDAY,VAN DRIVER,NIGERIAN,1100000,8060965145,
ENUNEKUN,IFEAYI  OSUYA,LABORATORY ASSISTANT,NIGERIAN,1050000,8066771159,
WELI,KINGSLEY  C.,TECHNICAL OFFICER,NIGERIAN,672000,7086302564,
ENYEZOBA,CHIGOZIE  ANTHONY,LABORATORY ASSISTANT,NIGERIAN,950000,7033332161,
ANTHONY,FRED  MFON,OFFICE ASSISTANCE,NIGERIAN,850000,7038580061,
EBILA,CHDIEBERE  JOHN,COLOR MATCHER,NIGERIAN,875000,8029714681,
OWOLABI,GANIYU  IBRAHIM,DRIVER,NIGERIAN,875000,8133473247,
OPEIFA,OLALEKAN  MATHEW,DRIVER,NIGERIAN,875000,7063358727,
ISAH,UBAH  LINUS,FACTORY WORKER,NIGERIAN,800000,8106887546,
OPARAUGO,GABRIEL  EBERE,FACTORY WORKER,NIGERIAN,800000,8061202524,
CHUKWU,CHRISTIAN SUNDAY,LABORTERY ASSISTANCE,NIGERIAN,800000,7064793521,
EKHATOR,SUNDAY  GOODLUCK,NIGHT SECURITY,NIGERIAN,800000,7064920000,
DURU,ISSAC  WACHUKWU,PRODUCTION ASST.,NIGERIAN,800000,7034280878,
ATTAH,ETIM  OKON,PRODUCTION ASST.,NIGERIAN,800000,8097500570,
NWAGWU,VICTOR O,DRIVER,NIGERIAN,800000,8046448010,
OZURUBA,LEONARD,DRIVER,NIGERIAN,800000,7060674424,
OLADITAN,JOSEPH,DRIVER,NIGERIAN,600000,7088884473,
EKPEYOUNG,BROWNSON,FORKLIFT DRIVER,NIGERIAN,672000,8171320997,
ADENIYI,TUNDE,PAINT APPLICATOR TRAINEE,NIGERIAN,546000,8188111739,
EZIKA,OKWUDILI,FACTORY OPERATIVE,NIGERIAN,546000,9093856911,
OKWUDIOGOR,CYPRIAN,SECURITY OFFICER,NIGERIAN,546000,8068042256,
ABAMS,SONIA,CUSTOMER SERVICE,NIGERIAN,672000,8180389051,
AZUH,PAUL,SALES OFFICE TRAINER,NIGERIAN,672000,8180389073,
AKPAN,SUNDAY JACK,DRIVER,NIGERIAN,1108000,8025264248,
SOSA,MICHAEL,LABORATORY ASSISTANT,NIGERIAN,844000,8185244958,
