SURNAME,FIRST NAME, MIDDLE NAME,DESIGNATION,NATIONALITY,NUMBER OF MONTHS,DEVELOPMENT LEVY,GROSS INCOME,ANNUAL TAX PAID,TAXPAYER ID,STAFF PHONE NUMBER,STAFF EMAIL ADDRESS
KUMAR ,LALLAN,,BUSINESS DEV. MANAGER,INDIAN,12,100,13200000,1020478.15,N-4288009,8090430066,
THAVEAVALEU,RAJ,MOHANDOS,QUALITY  TECH. CONTROLLER,INDIAN,12,100,8533523.04,733523,N2400757,7086302523,
LAHEJA,KISHORE,,COMMERCIAL-MANAGER,INDIAN,12,100,6538960.68,538960.68,N2400766,7086302522,
MAYEKAR,ABHIJIT,RAMAKANTI,TECHNICAL MANAGER,INDIAN,12,100,6538960.68,538960.68, ,8187430570,
SAHOO,RASHMI,,PRRDUCTION SUPERINTEDENT,INDIAN,12,100,7777670.28,577670.28,,8092958545,
OMORUYI,SAMUEL,AIMIEN,PERSONNEL MANAGER,NIGERIAN,12,100,7742244.29,799616.65,N-1122399,7086302524,
FAGBENRO,ISIAKA,OLAWALE,ACCOUNT OFFICER,NIGERIAN,12,100,1571058.09,84992.19,N2400770,8066794363,
DUROJAIYE ,SHERIF,,SALES EXECUTIVE,NIGERIAN,12,100,1741168.78,119837.62,N-432664,7081074015,
UWAKWE,EMMANUEL,MONDAY,SALES EXECUTIVE,NIGERIAN,12,100,1828152.4,120397.32,N-1253569,8035261742,
AKHIGBE,PEDRO,,SALES EXECUTIVE,NIGERIAN,12,100,2278477.18,174304.12,,7086302546,
ADESOJI,ADEBANJO,PETER,TECHNICAL OFFICER,NIGERIAN,12,100,1238400,56388.02,N-6515678,7069440560,
ABBAYOMI,ADEBAYO,ADEYEMI,NATIONAL SALES MANAGER,NIGERIAN,8,100,2048004,169717.56,,7086302555,
OLASUBULUMI,ADEJARE,DANIEL,SALES EXECUTIVE,NIGERIAN,12,100,2048004,123720,,7086302550,
MARICUS,MUSA,,SALES EXECUTIVE,NIGERIAN,12,100,266847,7906.65,,8188111739,
OLUWASANMI,LAWANSON,,TECHICAL OFFICER,NIGERIAN,12,100,1999500,122420,,8188111837,
ADEBOYEJO,MICHAEL,,LABORATORY ASSISTANT,NIGERIAN,12,100,712400,21308.61,,8136111272,
OLUSANMI,ISRAEL,OMOYENI,TECHICAL OFFICER,NIGERIAN,12,100,895260,29959,,8098549988,
AKPAN,SUNDAY,JACK,DRIVER,NIGERIAN,12,100,1076400,57235,,8025264248,
SOSA,MICHAEL,,LABORATORY ASSISTANT,NIGERIAN,12,100,806774,34861.7,,8185244958,
WELI,KINGSLEY,C.,TECHNICAL OFFICER,NIGERIAN,5,100,271703.21,8274,,7086302564,
ATTAH,AMAH,OKON,OFFICE ASSISTANCE,NIGERIAN,12,100,1099041.3,48673.86,N-1250795,808253356,
NWOSUKU,FREDRICK,ETINOSA,STORE SUPERVISOR,NIGERIAN,12,100,1022202.45,42826.82,N-1230803,803480211,
EGWAI,FRIDAY,,FACTORY MANAGER,NIGERIAN,12,100,1022200.65,42826.82,N1230816,802950605,
UTASALO,LINUS,GBEKE,VAN DRIVER,NIGERIAN,12,100,1065056.25,46351.12,N1555292,8055874996,
ABDULLAHI,MOHAMMED,,SECURITY OFFICER,NIGERIAN,12,100,1042494.15,44269.6,N-1541678,8026231768,
IGHARO,MICHAEL,OSAZUA,PRODUCTION MANAGER,NIGERIAN,12,100,1093365.3,47584.74,N-1230790,8023522978,
NWAIGBA,JUDE,CHUKWULIEIKE,STORE SUPERVISOR,NIGERIAN,12,100,1022202.45,42876.82,N-1230818,8029548219,
UDOH,ANIEFIOK,UDO,STORE SUPERVISOR,NIGERIAN,12,100,1022202.45,42876.82,N-4330808,8024748363,
SORUNKE,BUNMI,SUNDAY,VAN DRIVER,NIGERIAN,12,100,1065056.25,44676.82,N-1554152,8060965145,
OSAGIEDE,FRANCIS,UHUNAMULE,STORE SUPERVISOR,NIGERIAN,1,100,79240.5,3158.97,N-1230782,7031054429,
ENUNEKUN,IFEAYI,OSUYA,LABORATORY ASSISTANT,NIGERIAN,12,100,1022202.45,42876.82,N-1230778,8066771159,
MEDU,CHARLES,,CLEANING MANAGER,NIGERIAN,6,100,499215.15,19653.82,N-1230774,7069574761,
OSILAMA,BENJAMIN,OGHOILUMA,FOKLIFT DRIVER,NIGERIAN,1,100,82562.5,3438.02,N-2400801,8121858123,
OLOWU,ITUNU,SESAN,DRIVER,NIGERIAN,11,100,948017.9,40110.72,N-240791,8030502097,
YAU,UMARU,YAKUBU,SECURITY OFFICER,NIGERIAN,1,100,72415,2585.63,N-8675545,8746763382,
ONYEZOBA,CHIGOZIE,ANTHONY,LABORATORY ASSISTANT,NIGERIAN,12,100,934153.5,35013.74,N-6505676,7033332161,
ANTHONY,FRED,MFOR,OFFICE ASSISTANCE,NIGERIAN,12,100,839435.25,27460.18,N-658630,7038580061,
EBILA,CHDIEBERE,JOHN,COLOR MATCHER,NIGERIAN,12,100,839435.25,26047.6,N-7065493,8029714681,
OWOLABI,GANIYU,IBRAHIM,DRIVER,NIGERIAN,12,100,847594.5,27573.04,,8133473247,
OPEIFA,OLALEKAN,MATHEW,DRIVER,NIGERIAN,12,100,847594.5,27633.04,,7063358727,
ISAH,UBAH,LINUS,FACTORY WORKER,NIGERIAN,12,100,761745,21928.6,,8106887546,
OPARAUGO,GABRIEL,EBERE,FACTORY WORKER,NIGERIAN,12,100,761745,21928.6,,8061202524,
CHUKWU,CHRISTIAN,SUNDAY,LABORTERY ASSISTANCE,NIGERIAN,12,100,761745,21928.6,,7064793521,
EKHATOR,SUNDAY,GOODLOCK,NIGHT SECURITY,NIGERIAN,12,100,761745,21928.6,,7064920000,
DURU,ISSAC,VWACHUKWU,PRODUCTION ASST.,NIGERIAN,12,100,761745,21928.6,,7034280878,
ATTAH,ETIM,OKON,PRODUCTION ASST.,NIGERIAN,12,100,761745,21928.6,,8097500570,
NWAGWU,VICTOR,O,DRIVER,NIGERIAN,12,100,761745,21928.6,,8046448010,
OZURUBA,LEONARD,,DRIVER,NIGERIAN,12,100,761745,21928.6,,7060674424,
OLADITAN,JOSEPH,,DRIVER,NIGERIAN,12,100,586950,18088.62,,7062188698,
EKPEYOUNG,BROWNSON,,FORKLIFT DRIVER,NIGERIAN,7,100,392000,11767,,8171320997,
ADENIYI,TUNDE,,PAINT APPLICATOR TRAINEE,NIGERIAN,9,100,558360,16729,,8188111739,
EZIKA,OKWUDILI,,FACTORY OPERATIVE,NIGERIAN,9,100,409500,11484,,9093856911,
EDOKPAIGBE,COLLINS,,FACTORY OPERATIVE,NIGERIAN,4,100,136500,3832,,8113000286,
OKWUDIOGOR,CYPRIAN,,SECURITY OFFICER,NIGERIAN,3,100,136500,3828,,8068042256,
ABAMS,SONIA,,CUSTOMER SERVICE,NIGERIAN,3,100,168000,5043,,8180389051,
AZUH,PAUL,,SALES OFFICE TRAINER,NIGERIAN,3,100,168000,5043,,8180389073,
