SURNAME,FIRST NAME, MIDDLE NAME,DESIGNATION,NATIONALITY,NUMBER OF MONTHS,DEVELOPMENT LEVY,GROSS INCOME,ANNUAL TAX PAID,TAXPAYER ID,STAFF PHONE NUMBER,STAFF EMAIL ADDRESS
OBIWULU,OBIORA,DIVINE,MD,NIGERIAN,12,100,3000000,350000.04,,8033018029,
ILECHUKWU,CHUKS,,GENERAL MANAGER,NIGERIAN,12,100,2400000,249200.04,,8037873979,
OGUADINMA,CHIOMA,,MARKETING MANAGER,NIGERIAN,12,100,1800000,155600.04,N-8506136,8183055498,
UWADIALE,ABISOLA,ATINUKE,FC,NIGERIAN,12,100,1200000,78000,N-8845629,8062260964,
IWUOHA,CHIAMAKA,,ACCOUNTANTS,NIGERIAN,12,100,1080000,63600,N-6006026,7033740206,
AMANJO ,CHINASA,,ADMIN,NIGERIAN,12,100,840000,39920.04,N-5936180,8062238244,
EMMANUEL,OKU,,DRIVER,NIGERIAN,12,100,480000,12876,,8035063295,
EZE,CHINENYE,FELICIA,HR ADMIN,NIGERIAN,12,100,420000,9516,,8069660741,
EPUNAM,CHIWENIKE,,STORE MGR,NIGERIAN,12,100,600000,19599.96,,8030548065,
OPARA,MADONNA,ACHOBE,ACCOUNTS,NIGERIAN,12,100,480000,12876,,7051488201,
OKOLI,IFEOMA,JENNIFFER,ACCOUNTS,NIGERIAN,12,100,480000,12876,,8169167763,
OKEREKE,KELECHI,,CASHIER,NIGERIAN,12,100,480000,12876,,8080765680,
EDDO,OLUWASEYI,,STORE MGR,NIGERIAN,12,100,840000,39920.04,,8133496966,
UKPE ,JOEL,,DRIVER,NIGERIAN,12,100,480000,12876,,8184506582,
NWOKEOMA ,IFEOMA,VICTORIA,SALES REP,NIGERIAN,12,100,600000,19599.96,,9026812655,
UMUNNAKWE,MARRYANN,,SALES REP,NIGERIAN,12,100,600000,19599.96,,7056296534,
EZEPUE,CHINELO,,SALES REP,NIGERIAN,12,100,600000,19599.96,,8136746692,
OKONKWO ,JONATHAN,,SALES REP,NIGERIAN,12,100,480000,12876,,9064234961,
UGOCHUKWU,MARANZU,,GENERAL MANAGER,NIGERIAN,12,100,1800000,155600.04,N-2396210,8095410071,
AKABOGU,NNENA,,CASHIER,NIGERIAN,12,100,600000,19599.96,,8030871746,
UDEZE ,CHIOMA,,SALES REP,NIGERIAN,12,100,720000,29360.04,N-8635869,8025042031,
MICHEAL,KELVIN,CHINONYE,DRIVER,NIGERIAN,12,100,360000,6156,,8160514599,
ISHOLA,ABDUL-BAKI,KOLAWOLE,NSM,NIGERIAN,12,100,1800000,155600.04,,8023937597,
AKANO,YUSUF,AJIBOLA,SALES REP,NIGERIAN,12,100,"600,000.00","19,599.96",,8174494341,
OMONEDIA,JOY,,DRIVER,NIGERIAN,12,100,"480,000.00","12,876.00",,7056566754,
ADESHINA ,OLAKINTAN,OLOWOOKERE,ACCOUNTS,NIGERIAN,12,100,"780,000.00","34,640.04",,7066002792,
