SURNAME,FIRST NAME, MIDDLE NAME,DESIGNATION,NATIONALITY,NUMBER OF MONTHS,DEVELOPMENT LEVY,GROSS INCOME,ANNUAL TAX PAID,TAXPAYER ID,STAFF PHONE NUMBER,STAFF EMAIL ADDRESS
SMART ,NKIRU,GLADY,CLASS TEACHER,NIGERIAN,12,100,"384,000","7,503.96",C-328302,8062533040,
IBITAYO ,GLORIA,MODUPE,CLASS TEACHER,NIGERIAN,12,100,"396,000","8,175.96",C-328302,8051262842,gloriaayeni888@gmail.com
FALEYE,TITILOPE,GLADYS,CLASS TEACHER,NIGERIAN,12,100,"300,000",3450,C-328302,8086150271,
IJIOMA,ROSEMARY,CHIKA,CLASS TEACHER,NIGERIAN,12,100,"336,000","4,815.96",C-328302,8082146875,rose513@gmail.com
AWOYEMI,AYODELE,IBITOMILOLA,ADMINISTRATOR,NIGERIAN,12,100,"528,000","15,567.96",C-328302,8052572599,ayotomi22@yahoo.com
LAWRENCE ,ONYEKACHI,REBECCA,CLASS TEACHER,NIGERIAN,12,100,"336,000","4,815.96",C-328302,8037577376,
SALAKO ,ESTHER,OLUWADAISI,CLASS TEACHER,NIGERIAN,12,100,"310,000","4,026.66",C-328302,8161684599,
ADEBAYO,OLOLADE,LYDIA,CLASS TEACHER,NIGERIAN,5,100,"150,000","2,566.65",C-328302,8159311159,
FASHORO ,TEMIDAYO,DEBORAH,CLASS TEACHER,NIGERIAN,12,100,"420,000","9,519.96",C-328302,8035562011,temidayo_oriowo@yahoo.com
OLA,TEMITAYO,JULIANA,CLASS TEACHER,NIGERIAN,3,100,"90,000","1,539.99",C-328302,7062440027,tayotayo98@gmail.com
EKPEMA,ESTHER,CYNTHIA,CLASS TEACHER,NIGERIAN,3,100,"90,000","1,539.99",C-328302,8065480020,
OMODELE,TITILAYO,CAROLINE,CLASS TEACHER,NIGERIAN,3,100,"90,000","1,539.99",C-328302,8168916929,omodeletitilayocaro@gmail.com
BAMISHIGBIN,TOSIN,RUKAYAT,CLASS TEACHER,NIGERIAN,3,100,"90,000","1,539.99",C-328302,8180031934,tosinbamishigbin@gmail.com
ABAYOMI,HAPPINESS,ESTHER,CLASS TEACHER,NIGERIAN,3,100,"60,000",600,C-328302,8028849338,
EJOH,HENRIETTA,NWAEDOZI,CLASS TEACHER,NIGERIAN,3,100,"66,000",660,C-328302,8133499569,
,,,,,,,,,,,
,,,,,,,,,,,
