SURNAME,OTHER NAMES,DESIGNATION,NATIONALITY,GROSS INCOME,STAFF PHONE NUMBER,STAFF EMAIL ADDRESS
SMART ,NKIRU,CLASS TEACHER,NIGERIAN,"384,000",8062533040,
IBITAYO ,GLORIA,CLASS TEACHER,NIGERIAN,"396,000",8051262842,gloriaayeni888@gmail.com
FALEYE,TITILOPE,CLASS TEACHER,NIGERIAN,"300,000",8086150271,
IJIOMA,ROSEMARY,CLASS TEACHER,NIGERIAN,"336,000",8082146875,rose513@gmail.com
AWOYEMI,AYODELE,CLASS TEACHER,NIGERIAN,"528,000",8052572599,ayotomi22@yahoo.com
LAWRENCE ,ONYEKACHI,CLASS TEACHER,NIGERIAN,"336,000",8037577376,
SALAKO ,ESTHER,CLASS TEACHER,NIGERIAN,"310,000",8161684599,
ADEBAYO,OLOLADE,CLASS TEACHER,NIGERIAN,"150,000",8159311159,
FASHORO ,TEMIDAYO,CLASS TEACHER,NIGERIAN,"420,000",8035562011,temidayo_oriowo@yahoo.com
OLA,TEMITAYO,CLASS TEACHER,NIGERIAN,"90,000",7062440027,tayotayo98@gmail.com
EKPEMA,ESTHER,CLASS TEACHER,NIGERIAN,"90,000",8065480020,
OMODELE,TITILAYO,CLASS TEACHER,NIGERIAN,"90,000",8168916929,omodeletitilayocaro@gmail.com
BAMISHIGBIN,TOSIN,CLASS TEACHER,NIGERIAN,"90,000",8180031934,tosinbamishigbin@gmail.com
ABAYOMI,HAPPINESS,CLASS TEACHER,NIGERIAN,"60,000",8028849338,
EJOH,HENRIETTA,CLASS TEACHER,NIGERIAN,"66,000",8133499569,
,,,,,,
,,,,,,
