DATE OF PAYMENT,AMOUNT PAID,PERIOD OF PAYMENT,RECEIPT NUMBER
27/04/2018,15943,JANUARY,41652248/KJLTPELN
27/04/2018,15943,FEBRUARY,41652214/NDGDJCCE
27/04/2018,15943,MARCH,41652184/BIUPZQRF
27/04/2018,15943,APRIL,41652159/XNXRTEJP
1/2/2019,15943,MAY,43126598/NPHBKVEG
1/2/2019,15943,JUNE,43126540/HVDJVCWK
1/2/2019,15943,JULY,43126143/HLZSKBNZ
1/2/2019,15943,AUGUST,43126145/XEIKAJET
1/2/2019,15943,SEPTEMBER,43125919/MGCBZJUR
28/01/2019,15943,OCTOBER,43104508/XJDRUPPW
28/01/2019,15943,NOVEMBER,43106034/KPIYNHAZ
28/01/2019,15943,DECEMBER,43104518/IZQYTJQU
