DATE OF PAYMENT,AMOUNT PAID,PERIOD OF PAYMENT,RECEIPT NUMBER
"28th February, 2018"," 4,295 ",Jan-18,40917553/BYFZYXST
"28th March, 2018"," 4,512 ",Feb-18,41226128/ZSCNBCTX
"25th April, 2018"," 4,512 ",Mar-18,41639595/XUDMBMGF
"24th May, 2018"," 4,512 ",Apr-18,41811736/QIWSVFGU
"22th June, 2018"," 4,512 ",May-18,41946061/NYRCBPLW
"11th July, 2018"," 4,512 ",Jun-18,42055840/RTAEBYUD
"24th August, 2018"," 4,512 ",Jul-18,42296800/PRLSIMWM
"25th September, 2018"," 4,512 ",Aug-18,42471857/PCTTYA
"26th October, 2018"," 4,512 ",Sep-18,42672790/ECYWZNMU
"27th November, 2018"," 4,512 ",Oct-18,42825122/FJFDXTLS
"18th December, 2018"," 4,512 ",Nov-18,42948933/RCXDYPDH
"19th December, 2018"," 4,512 ",Dec-18,43022167/CUFYWIJW
"16th January, 2019", 800 ,2018,43056461/PLSHDXAS
"8th January, 2019"," 5,000 ",2018,43023002/DHHWMWJK
