SURNAME,FIRST NAME, MIDDLE NAME,DESIGNATION,NATIONALITY,NUMBER OF MONTHS,DEVELOPMENT LEVY,GROSS INCOME,ANNUAL TAX PAID,TAXPAYER ID,STAFF PHONE NUMBER,STAFF EMAIL ADDRESS
Agboola ,Gbenga ,Oluwaseun,Manager,Nigeria,12,100,"660,000","24,080",N-5828313,8056524200,agbolsm@yahoo.co.uk
Adeoti, Sunday ,Samuel,Accountant,Nigeria,12,100,"480,000","12,800",N-7067111,7066407911,adeotisunday46@yahoo.com
Shadare ,Abosede ,Funmilayo,Cashier,Nigeria,12,100,"336,000","4,816",N-5838182,8069415149,pamileringoluwafunmilayo@gmail.com
Dolamu, mopelola,M,Staff,Nigeria,12,100,"300,000","2,800",,7065344596,mobolanlemopeloladolamu@gmail.com
Amadi ,Roseline ,Ifeayinwa,Cashier,Nigeria,12,100,"240,000","2,400",N-8557871,7037587120,
Fadoju, Clement ,Olasehinde,Staff,Nigeria,12,100,"240,000","2,400",N-119645462,8063195956,olaclemessi@gmail.com
Nwaiwu, Francis ,Kelechi,Staff,Nigeria,12,100,"216,000","2,160",N-6188044,8163754639,davidkelechi26@gmail.com
Obasanya ,Deborah,,Cashier, Nigeria ,12,100,"240,000","2,400",,8035522975,obasanyadeborah29@gmail.com
