SURNAME,OTHER NAMES,DESIGNATION,NATIONALITY,GROSS INCOME,STAFF PHONE NUMBER,STAFF EMAIL ADDRESS
Agboola ,Gbenga Oluwaseun,Manager, Nigeria ,720000,8056524200,agbolsm@yahoo.co.uk
Adeoti ,Sunday Samuel,Accountant, Nigeria ,720000,7066407911,adeotisunday46@yahoo.com
Shadare ,Abosede Funmilayo,Staff, Nigeria ,330000,8069415149,pamileringoluwafunmilayo@gmail.com
Dolamu,Mopelola M,Staff, Nigeria ,300000,7034217855,mobolanlemopeloladolamu@gmail.com
Amadi ,Roseline Ifeayinwa,Staff, Nigeria ,300000,7037587120,
Fadoju ,Clement Olasehinde,Staff, Nigeria ,240000,8063195956,olaclemessi@gmail.com
Nwaiwu ,Francis Kelechi,Staff, Nigeria ,360000,8163754639,davidkelechi26@gmail.com
Obasanya ,Deborah,Cashier, Nigeria ,300000,8035522975,obasanyadeborah29@gmail.com
Odigwe,jennifer,Staff, Nigeria ,300000,9098065670,jenniferbenson49@gmail.com
