SURNAME,FIRST NAME, MIDDLE NAME,DESIGNATION,NATIONALITY,NUMBER OF MONTHS,DEVELOPMENT LEVY,GROSS INCOME,ANNUAL TAX PAID,TAXPAYER ID,STAFF PHONE NUMBER,STAFF EMAIL ADDRESS
Fakayode ,Razak,,Manager, Nigeria ,12,100,"1,185,456","76,255",N-2027963,8066773306,
Ololade  ,Tope,,Manager, Nigeria ,12,100,"988,464","52,985",N-2027920,8035693413,
Bolarinde ,Adewale ,John,Supervisor, Nigeria ,12,100,"300,000","3,000",N-85995448,8033746956,
Ibrahim ,Sulaiman ,Adewale,Supervisor, Nigeria ,12,100,"360,000","6,160",,7038823435,
Godwin  ,Ayodele ,Esezobor ,Transport manager, Nigeria ,12,100,"780,000","34,640",N-85465446,8033631016,
Mekiliuwa, Frank,,Site Officer, Nigeria ,12,100,"720,000","29,360",N-1848034,8077977654,
Oladini ,Oluwaseun,,Account Officer, Nigeria ,12,100,"720,000","29,360",,8068094811,
Akindoyin, Victor,,Attendant, Nigeria ,12,100,"180,000","2,400",,8077091286,
Adeyemo ,Toareed,,Attendant, Nigeria ,12,100,"180,000","2,400",,8173126741,
Bello ,Zaniab ,Yemi,Attendant, Nigeria ,12,100,"180,000","2,400",,8125879931,
Olabitan ,Samson,,Attendant, Nigeria ,12,100,"180,000","2,400",,8050443606,
Abdulsalam, Lukmon,,Attendant, Nigeria ,12,100,"180,000","2,400",,8029151703,
Lawal ,Omolola ,Halimat,Attendant, Nigeria ,12,100,"180,000","2,400",,8033852860,
Mesioye, Bunmi,,Attendant, Nigeria ,12,100,"180,000","2,400",,8086440523,
Osasona ,Emmanuel,,Attendant, Nigeria ,12,100,"180,000","2,400",,7031920901,
Ojo ,Joseph,,Attendant, Nigeria ,12,100,"180,000","2,400",,8023835900,
Erejuwa, Micheal,,Attendant, Nigeria ,12,100,"180,000","2,400",,8172322929,
Oreoluwa ,Folake,,Attendant, Nigeria ,12,100,"180,000","2,400",,8168657109,
Kolawole, Jelilat ,Abiodun,Attendant, Nigeria ,12,100,"180,000","2,400",,8171163194,
Ogunleye ,Olanike,,Cleaner, Nigeria ,12,100,"180,000","2,400",,8074892804,
Adeeyo ,Moyinoluwa,,Cleaner, Nigeria ,12,100,"180,000","2,400",,9090492343,
Kayode ,Rufus,,Security, Nigeria ,12,100,"300,000","2,800",,8051209811,
Ojoose ,Oluwadare,,Security, Nigeria ,12,100,"180,000","2,400",,8124044711,
