DATE OF PAYMENT,AMOUNT PAID,PERIOD OF PAYMENT,RECEIPT NUMBER
"28th February, 2018","27,679",January,40918037/EUFRHCRR
"28th March, 2018","30,845",February,41227150/FTGCCZNL
"25th April, 2018","30,845",March,41639509/FUBVPKMM
"24th May, 2018","30,845",April,41811901/WAHLWVDW
"22th June, 2018","30,845",May,41946010/SBAYKSFD
"11th July, 2018","30,845",June,42056062TMVSWCNS
"24th August, 2018","30,845",July,42296615/CUMUMASD
"25th September, 2018","30,845",August,42472330/NUQYTK
"26th October, 2018","30,845",September,42672559/QRMJVJDM
"27th November, 2018","30,845",October,42825005/HUCLYNMQ
"18th December, 2018","30,845",November,42948819/CVADFWND
"19th December, 2018","30,845",December,4322330/MCKZXAZZ
"8th January, 2019","5,000",January,43022330/MCKZXAZZ
"16th January, 2019","2,800",February,43056418/GQRFJTKZ
