DATE OF PAYMENT,AMOUNT PAID,PERIOD OF PAYMENT,RECEIPT NUMBER
"28th February, 2018"," 14,948 ",Jan-18,40917988/JVNYLERN
"28th March, 2018"," 14,948 ",Feb-18,41228633/RFUKSSUB
"25th April, 2018"," 14,948 ",Mar-18,41639418/IRMTGGGZ
"24th May, 2018"," 14,948 ",Apr-18,41811861/GDYSTTQUE
"22th June, 2018"," 14,948 ",May-18,41945911/NTWCZKJM
"11th July, 2018"," 14,948 ",Jun-18,42056003/GSFIHKED
"24th August, 2018"," 14,948 ",Jul-18,42296662/PAWTHTHI
"25th September, 2018"," 14,948 ",Aug-18,42474123/USWSZX
"26th October, 2018"," 14,948 ",Sep-18,42673181/QGSLDFDC
"27th November, 2018"," 14,948 ",Oct-18,42824685/AZKYUQEA
"18th December, 2018"," 14,948 ",Nov-18,42948828/HZZAUXAV
"19th December, 2018"," 14,948 ",Dec-18,43022268/MWJVJUZY
"16th January, 2019"," 2,100 ",Jan-19,43056390/DGJXDEDU
"8th January, 2019"," 5,000 ",Feb-19,43022706/RQEMBQFW
