SURNAME,FIRST NAME, MIDDLE NAME,DESIGNATION,NATIONALITY,NUMBER OF MONTHS,DEVELOPMENT LEVY,GROSS INCOME,ANNUAL TAX PAID,TAXPAYER ID,STAFF PHONE NUMBER,STAFF EMAIL ADDRESS
Adelabu, Ajibade,,Manager, Nigeria ,12,100,"1,020,000","56,400",N-86315447,8066616926,
Donald ,Ruth,,Account Officer, Nigeria ,12,100,"780,000","34,640",N-3515047,8184196358,
Joshua, Rita, Imabong,Cash Officer, Nigeria ,12,100,"564,000","17,584",N-85455447,8026668223,
Oluwatoke ,Femi,,Supervisor, Nigeria ,12,100,"600,000","19,600",N-85995448,8039746900,
Linus ,Hamid,,Security, Nigeria ,12,100,"300,000","2,800",,8035619531,
Joseph ,Ulofosho,,Security, Nigeria ,12,100,"264,000","2,640",,8035181572,
Akintunde, Opeyemi,,Attendant, Nigeria ,12,100,"120,000","2,400",,7038647045,
Akinremi ,Abiodun ,Sodeeq,Attendant, Nigeria ,12,100,"120,000","2,400",,8027234242,
Olatunde ,Moses, O.,Attendant, Nigeria ,12,100,"180,000","2,400",,8024746442,
Adedeji ,Victoria,,Attendant, Nigeria ,12,100,"180,000","2,400",,8132238959,
Agbo, Ogbanje ,Godwin,Attendant, Nigeria ,12,100,"180,000","2,400",,8029562653,
Olujimi ,Olusegun,,Attendant, Nigeria ,12,100,"180,000","2,400",,8168361848,
Adedero, Mayowa  ,A,Attendant, Nigeria ,12,100,"180,000","2,400",,7063601886,
Ojoduvbo ,Stella,,Attendant, Nigeria ,12,100,"180,000","2,400",,9068364114,
Oyelami ,Oluwatobi ,E,Attendant, Nigeria ,12,100,"180,000","2,400",,7065814184,
Somtochukwu ,Nwankwo,,Attendant, Nigeria ,12,100,"180,000","2,400",,9058461559,
Oko ,Theresa,,Cleaner, Nigeria ,12,100,"144,000","2,400",,7059954082,
Andrew ,Babatunde,Oluwatuyi,Driver, Nigeria ,12,100,"420,000","9,520",,7084513020,
