SURNAME,OTHER NAMES,DESIGNATION,NATIONALITY,GROSS INCOME,STAFF PHONE NUMBER,STAFF EMAIL ADDRESS,,
Fakayode ,Razak,Manager, Nigeria ,"1,185,456",8066773306,,,
Ololade  ,Tope,Manager, Nigeria ,"988,464",8035693413,,,
Bolarinde ,Adewale John ,Supervisor, Nigeria ,"300,000",8033746956,,,
Ibrahim ,Sulaiman Adewale ,Supervisor, Nigeria ,"360,000",7038823435,,,
Godwin  ,Ayodele Esezobor ,Transport manager, Nigeria ,"780,000",8033631016,,,
Mekiliuwa, Frank,Site Officer, Nigeria ,"720,000",8077977654,,,
Oladini ,Oluwaseun,Account Officer, Nigeria ,"720,000",8068094811,,,
Akindoyin, Victor,Attendant, Nigeria ,"180,000",8077091286,,,
Adeyemo ,Toareed,Attendant, Nigeria ,"180,000",8173126741,,,
Bello ,Zaniab Yemi ,Attendant, Nigeria ,"180,000",8125879931,,,
Olabitan ,Samson,Attendant, Nigeria ,"180,000",8050443606,,,
Abdulsalam, Lukmon,Attendant, Nigeria ,"180,000",8029151703,,,
Lawal ,Omolola Halimat ,Attendant, Nigeria ,"180,000",8033852860,,,
Mesioye, Bunmi,Attendant, Nigeria ,"180,000",8086440523,,,
Osasona ,Emmanuel,Attendant, Nigeria ,"180,000",7031920901,,,
Ojo ,Joseph,Attendant, Nigeria ,"180,000",8023835900,,,
Erejuwa, Micheal,Attendant, Nigeria ,"180,000",8172322929,,,
Oreoluwa ,Folake,Attendant, Nigeria ,"180,000",8168657109,,,
Kolawole, Jelilat  Abiodun,Attendant, Nigeria ,"180,000",8171163194,,,
Ogunleye ,Olanike,Cleaner, Nigeria ,"180,000",8074892804,,,
Adeeyo ,Moyinoluwa,Cleaner, Nigeria ,"180,000",9090492343,,,
Kayode ,Rufus,Security, Nigeria ,"300,000",8051209811,,,
Ojoose ,Oluwadare,Security, Nigeria ,"180,000",8124044711,,,
