SURNAME,OTHER NAMES,DESIGNATION,NATIONALITY,GROSS INCOME,STAFF PHONE NUMBER,STAFF EMAIL ADDRESS
Adelabu ,Ajibade,Manager, Nigeria ,"1,020,000",8066616926,
Donald ,Ruth,Account Officer, Nigeria ,"780,000",8184196358,
Joshua ,Rita Imabong,Cash Officer, Nigeria ,"564,000",8026668223,
Oluwatoke ,Femi,Supervisor, Nigeria ,"600,000",8039746900,
Linus ,Hamid,Security, Nigeria ,"300,000",8035619531,
Joseph ,Ulofosho,Security, Nigeria ,"264,000",8035181572,
Akintunde ,Opeyemi,Attendant, Nigeria ,"120,000",7038647045,
Akinremi ,Abiodun S,Attendant, Nigeria ,"120,000",8027234242,
Olatunde ,Moses O.,Attendant, Nigeria ,"180,000",8024746442,
Adedeji ,Victoria,Attendant, Nigeria ,"180,000",8132238959,
Agbo ,Ogbanje Godwin,Attendant, Nigeria ,"180,000",8029562653,
Olujimi ,Olusegun,Attendant, Nigeria ,"180,000",8168361848,
Adedero ,Mayowa  A,Attendant, Nigeria ,"180,000",7063601886,
Ojoduvbo, Stella,Attendant, Nigeria ,"180,000",9068364114,
Oyelami ,Oluwatobi E,Attendant, Nigeria ,"180,000",7065814184,
Somtochukwu ,Nwankwo,Attendant, Nigeria ,"180,000",9058461559,
Oko, Theresa,Cleaner, Nigeria ,"144,000",7059954082,
