SURNAME,OTHER NAMES,DESIGNATION,NATIONALITY,GROSS INCOME,STAFF PHONE NUMBER,STAFF EMAIL ADDRESS
YOMI BALOGUN,GRACE,COO,NIGERIAN,800000,803 302 9423,geewhybalo@gmail.com
OPEYEMI ,ADEDOYIN,MANAGER,NIGERIAN,600000,7036568667,adeadedoyin1@gmail.com
OLOYEDE,OLUWATOBI,CUSTOMER SUPPORT OFFICER,NIGERIAN,360000,9030031619,oloyedetobiloba@gmail.com
YUSUF,LATEEF,NAIL TECHNICIAN,NIGERIAN,420000,909 552 9566,ajiboylahetuah09@mail.com
LAWAL,LABAKE,BEAUTY THERAPIST ,NIGERIAN,420000,8128873207,
OKPALA,CHINEYE,BEAUTY THERAPIST ,NIGERIAN,420000,8039318769,chinny2j@gmail.com
OKOLIE,BLESSING,MARKETER,NIGERIAN,360000,8056610199,bomodia@yahoo.com
KUSHIMO,AMINAT,BEAUTY THERAPIST ,NIGERIAN,420000,8171688867,kushimoaminat24@gmail.com
SHITTU,AMINAT,HAIRSTYLIST,NIGERIAN,360000,8147518368,aminatshittu04@gmail.com
AYO,PAMILERIN,HAIRSTYLIST,NIGERIAN,360000,9029597353,oluwajab257@gmail.com
NWEKE,DANIEL,BARBER,NIGERIAN,360000,8144545149,danielchez11@gmail.com
