SURNAME,FIRST NAME, MIDDLE NAME,DESIGNATION,NATIONALITY,NUMBER OF MONTHS,DEVELOPMENT LEVY,GROSS INCOME,ANNUAL TAX PAID,TAXPAYER ID,STAFF PHONE NUMBER,STAFF EMAIL ADDRESS
YOMI BALOGUN,GRACE,,CHIEF OPERATING OFFICER,NIGERIAN,7,100,800000,21233.31,,,
OPEYEMI ,ADEDOYIN,,MANAGER,NIGERIAN,7,100,600000,11433.31,,,
OMOIGIADE,VERO,,MAKE UP ARTIST/HAIR STYLIST,NIGERIAN,7,100,300000,1750,,,
UREKI,VOKE,,BEAUTY THERAPIST,NIGERIAN,7,100,300000,1750,,,
ODUSANYA ,PRAISE,,BEAUTY THERAPIST,NIGERIAN,7,100,300000,1750,,,
UZOMA,IFEYINWA,,BEAUTY THERAPIST,NIGERIAN,7,100,300000,1750,,,
OKON,EDIDIDIONG,,SERVICE SUPPORT OFFICER,NIGERIAN,7,100,350000,3266.69,,,
YUSUF,OLUWASEYI,LATEEF,NAIL TECHNICIAN,NIGERIAN,7,100,350000,3266.69,,,
OBRIFOR ,MARY,,MAKE UP ARTIST/HAIR STYLIST,NIGERIAN,7,100,300000,1750,,,
