SURNAME,FIRST NAME, MIDDLE NAME,DESIGNATION,NATIONALITY,NUMBER OF MONTHS,DEVELOPMENT LEVY,GROSS INCOME,ANNUAL TAX PAID,TAXPAYER ID,STAFF PHONE NUMBER,STAFF EMAIL ADDRESS
Adesokan,Kabir,Oladele,Company Accountant,Nigerian,12 MONTHS,100,"4,025,000.00","196,369.56",,8089686118,
Omosigho,Ozor,,"Head,HR & Admin",Nigerian,12 MONTHS,100,"3,576,000.00","166,230.40",,8089686116,
Joseph,Kofoworola,,"Operations Mgr, Technical",Nigerian,12 MONTHS,100,"3,433,762.68","244,115.43",,8089686119,
Ebenezer,Ekundayo,Oluropo,Snr. Accounts Officer,Nigerian,12 MONTHS,100,"1,800,000.00","76,720.00",N9216498,8089686120,
Afolabi,Akintola,,CIT Operations Officer (West),Nigerian,12 MONTHS,100,"1,500,000.00","61,600.00",,8089686122,
Adesuwa,Akhahowa,,Accounts Officer,Nigerian,12 MONTHS,100,"1,500,000.00","61,600.00",,8089686125,
Afekolu,Raymond,,Snr CIT Officer,Nigerian,12 MONTHS,100,"1,500,000.00","61,600.00",,8089686126,
Anthony,O,Omoh,Snr. Compliance Officer,Nigerian,12 MONTHS,100,"1,440,000.00","58,576.00",,8089686121,
Okhen,Esangbedo,,"Project Officer,Cash Mgt",Nigerian,12 MONTHS,100,"1,440,000.00","58,576.00",,8089686127,
Mudiaga,Irivwegu,,Operations Officer,Nigerian,12 MONTHS,100,"1,200,000.00","46,480.00",,8089686128,
Edaferata,Uzoezi,,Operations Officer,Nigerian,12 MONTHS,100,"1,200,000.00","46,480.00",,8089686129,
Ikiota,Sunday,,Branch Manager,Nigerian,12 MONTHS,100,"1,200,000.00","46,480.00",,8089686130,
Lawrence,Ukorah,,Admin/ Vetting Officer,Nigerian,12 MONTHS,100,"1,020,000.00","37,408.00",,8089686095,
Emmanuel,Idoko,,Operations Liaison Officer,Nigerian,12 MONTHS,100,"960,000.00","34,384.00",,8089686094,
Ibrahim,Abass,,Senior Mechanic,Nigerian,12 MONTHS,100,"960,000.00","40,200.83",,8089686110,
Jafaru,Yusuf,,Senior Mechanic,Nigerian,12 MONTHS,100,"960,000.00","40,161.91",,8089686111,
Tochukwu,Egbujie,,AC Technician,Nigerian,12 MONTHS,100,"960,000.00","62,582.05",,8089686112,
Kenneth,Razaak,Esekhaigbe,Fleet Support Assistant,Nigerian,12 MONTHS,100,"900,000.00","31,360.00",,8089686096,
Sumbo,Eyinfunjowo,,EA to MD,Nigerian,12 MONTHS,100,"840,000.00","28,336.00",,8089686093,
Bryant,Kaduru,Asinabi,Aviation Security Officer,Nigerian,12 MONTHS,100,"720,000.00","22,288.00",,8089686097,
Monday,Akpomano,,Mechanic,Nigerian,12 MONTHS,100,"720,000.00","27,734.10",,8089686113,
Olayiwola,Nojeem,Lawal,AC Technician,Nigerian,12 MONTHS,100,"720,000.00","29,264.97",,8089686114,
Saka,Aliyu,,Mechanic,Nigerian,12 MONTHS,100,"720,000.00","25,308.42",,8089686115,
Olakunle-Sheu,Modupe,,Finance Officer,Nigerian,12 MONTHS,100,"720,000.00","22,288.00",,8089686131,
Amanda,Ezeocha,,Admin/HR Assistant,Nigerian,12 MONTHS,100,"660,000.00","19,264.00",,8089686098,
Yakubu,Musa,,CIT Operations Officer (Lagos),Nigerian,12 MONTHS,100,"660,000.00","19,264.00",,8089686124,
Samuel,Enogela,,Senior Commander,Nigerian,12 MONTHS,100,"620,040.00","17,250.02",,8089686103,
Kelly,Ilegbinehi,,Store/Facilities Officer,Nigerian,12 MONTHS,100,"600,000.00","16,240.00",,8089686101,
David,Ikenna,Ohanuka,Security Guard,Nigerian,12 MONTHS,100,"567,000.00","5,670.00",,8089686170,
Ibrahim,Abdullahi,,Senior Commander,Nigerian,12 MONTHS,100,"550,080.00","13,724.03",,8089686104,
Amaobi,Everest,,Branch Controller,Nigerian,12 MONTHS,100,"540,000.00","13,216.00",,8089686132,
Famurewa,Adebayo,,Patrol Supervisor,Nigerian,12 MONTHS,100,"540,000.00","13,216.00",,8089686133,
Romanus,Egwu,,Security Guard,Nigerian,12 MONTHS,100,"540,000.00","5,400.00",,8089686137,
Akpan,Cyril,,Security Guard,Nigerian,12 MONTHS,100,"540,000.00","5,400.00",,8089686138,
Madu,David,Ifeanyi,Driver,Nigerian,12 MONTHS,100,"520,800.00","16,652.10",,8089686107,
Sylvester,Ukuhmen,,Commander,Nigerian,12 MONTHS,100,"500,040.00","14,042.64",,8089686105,
Margaret,Edukugho,,Receptionist,Nigerian,12 MONTHS,100,"480,000.00","11,413.82",,8089686099,
Festus,Onuh,,Security Guard,Nigerian,12 MONTHS,100,"456,000.00","4,560.00",,8089686134,
Christopher,Okeke,,Gardner,Nigerian,12 MONTHS,100,"420,000.00","7,168.00",,8089686102,
Francis,Edheseka,,Backman,Nigerian,12 MONTHS,100,"420,000.00","8,071.57",,8089686109,
Raymond,Lucky,Mokele,Security Guard,Nigerian,12 MONTHS,100,"420,000.00","4,200.00",,8089686139,
Keneng,Friday,,Security Guard,Nigerian,12 MONTHS,100,"420,000.00","4,200.00",,8089686156,
Takang,George,,Security Guard,Nigerian,12 MONTHS,100,"396,580.68","3,965.81",,8089686240,
Iwashokun,Caleb,,Security Guard,Nigerian,12 MONTHS,100,"384,000.00","3,840.00",,8089686201,
Olanrewaju,Fapohunda,,Security Guard,Nigerian,12 MONTHS,100,"384,000.00","3,840.00",,8089686202,
Patrick,Okoro,,Security Guard,Nigerian,12 MONTHS,100,"360,000.00","3,600.00",,8089686135,
Mayowa,Adeyinka,,Accounts Officer,Nigerian,12 MONTHS,100,"356,521.74","12,135.36",,8089686123,
Sunday,Sotomi,,Security Guard,Nigerian,12 MONTHS,100,"336,000.00","3,360.00",,8089686189,
Bisiriyu,Akanni,Bello,Security Guard,Nigerian,12 MONTHS,100,"336,000.00","3,360.00",,8089686190,
Ategwu,Felix,,Security Guard,Nigerian,12 MONTHS,100,"336,000.00","3,360.00",,8089686191,
Inalegwu,Samuel,,Security Guard,Nigerian,12 MONTHS,100,"336,000.00","3,360.00",,8089686192,
Thomas,Fidelis,,Security Guard,Nigerian,12 MONTHS,100,"336,000.00","3,360.00",,8089686193,
Isheni,Godwin,,Security Guard,Nigerian,12 MONTHS,100,"336,000.00","3,360.00",,8089686194,
Joseph,Nwaeze,,Security Guard,Nigerian,12 MONTHS,100,"336,000.00","3,360.00",,8089686195,
Dozie,Romanus,,Security Guard,Nigerian,12 MONTHS,100,"336,000.00","3,360.00",,8089686196,
Yakubu,Samson,,Security Guard,Nigerian,12 MONTHS,100,"336,000.00","3,360.00",,8089686197,
Owamiri,Lili,Harry,Security Guard,Nigerian,12 MONTHS,100,"336,000.00","3,360.00",,8089686198,
Chukwu,James,,Security Guard,Nigerian,12 MONTHS,100,"336,000.00","3,360.00",,8089686199,
Ademola,Jonathan,,Security Guard,Nigerian,12 MONTHS,100,"336,000.00","3,360.00",,8089686200,
Toyo,Kingsley,,Security Guard,Nigerian,12 MONTHS,100,"336,000.00","3,360.00",,8089686223,
Innocent,Agbo,Onwu,Security Guard,Nigerian,12 MONTHS,100,"336,000.00","3,360.00",,8089686224,
Godwin,Joseph,,Security Guard,Nigerian,12 MONTHS,100,"336,000.00","3,360.00",,8089686225,
Akanya,George,,Security Guard,Nigerian,12 MONTHS,100,"336,000.00","3,360.00",,8089686226,
Bosede,Alabi,,Company Accountant,Nigerian,12 MONTHS,100,"324,000.00","13,852.53",,8089686117,
Daniel,Omamosho,,Security Guard,Nigerian,12 MONTHS,100,"324,000.00","3,240.00",,8089686293,
Ismail,Wahab,,Security Guard,Nigerian,12 MONTHS,100,"318,000.00","3,180.00",,8089686162,
Ojesola,Akintoye,Isaiah,Security Guard,Nigerian,12 MONTHS,100,"312,000.00","3,120.00",,8089686244,
Sheriff,Olalekan,,Security Guard,Nigerian,12 MONTHS,100,"312,000.00","3,120.00",,8089686245,
Ambai,,,Security Guard,Nigerian,12 MONTHS,100,"312,000.00","3,120.00",,8089686246,
Godwin,Obagbelu,,Security Guard,Nigerian,12 MONTHS,100,"312,000.00","3,120.00",,8089686288,
Asuquo,Emmanuel,,Security Guard,Nigerian,12 MONTHS,100,"312,000.00","3,120.00",,8089686291,
Agbaje,Ezekiel,O,Security Guard,Nigerian,12 MONTHS,100,"306,000.00","3,060.00",,8089686264,
Ayeigbeni,Anthony,,Security Guard,Nigerian,12 MONTHS,100,"300,000.00","3,000.00",,8089686143,
Romanus,Ujor,,Security Guard,Nigerian,12 MONTHS,100,"300,000.00","3,000.00",,8089686144,
Anyanwu,Daniel,Uche,Security Guard,Nigerian,12 MONTHS,100,"300,000.00","3,000.00",,8089686145,
Egwumah,Nelson,Samuel,Security Guard,Nigerian,12 MONTHS,100,"300,000.00","3,000.00",,8089686146,
John,Odey,Alada,Security Guard,Nigerian,12 MONTHS,100,"300,000.00","3,000.00",,8089686147,
Wahab,Ismail,,Security Guard,Nigerian,12 MONTHS,100,"300,000.00","3,000.00",,8089686148,
Olawale,Samuel,,Security Guard,Nigerian,12 MONTHS,100,"300,000.00","3,000.00",,8089686150,
Elebute,Kayode,Bello,Security Guard,Nigerian,12 MONTHS,100,"300,000.00","3,000.00",,8089686151,
Godwin,Okon,Sunday,Security Guard,Nigerian,12 MONTHS,100,"300,000.00","3,000.00",,8089686152,
Dike,Steve,Chibueze,Security Guard,Nigerian,12 MONTHS,100,"300,000.00","3,000.00",,8089686153,
Michael,J,Okoh,Security Guard,Nigerian,12 MONTHS,100,"300,000.00","3,000.00",,8089686154,
Henry,Odiadu,,Security Guard,Nigerian,12 MONTHS,100,"300,000.00","3,000.00",,8089686155,
Ayanwu,Daniel,Uche,Security Guard,Nigerian,12 MONTHS,100,"300,000.00","3,000.00",,8089686290,
Ngyohov,Lazarus,Ferkumbur,Security Guard,Nigerian,12 MONTHS,100,"300,000.00","3,000.00",,8089686327,
Jeje,Bamidele,Jesse,Security Guard,Nigerian,12 MONTHS,100,"294,000.00","2,940.00",,8089686175,
Patrick,Okoro,,Security Guard,Nigerian,12 MONTHS,100,"294,000.00","2,940.00",,8089686203,
Obi,Matthew,,Security Guard,Nigerian,12 MONTHS,100,"294,000.00","2,940.00",,8089686204,
Salami,,,Security Guard,Nigerian,12 MONTHS,100,"294,000.00","2,940.00",,8089686261,
Onikola,Adebayo,Sunday,Security Guard,Nigerian,12 MONTHS,100,"294,000.00","2,940.00",,8089686262,
Longe,,,Security Guard,Nigerian,12 MONTHS,100,"294,000.00","2,940.00",,8089686263,
Ibe,Nnadi,,Security Guard,Nigerian,12 MONTHS,100,"288,000.00","2,880.00",,8089686212,
Olawale,Samuel,,Security Guard,Nigerian,12 MONTHS,100,"288,000.00","2,880.00",,8089686213,
Ogbewu,Henry,A,Security Guard,Nigerian,12 MONTHS,100,"288,000.00","2,880.00",,8089686214,
Elliot,Olusegun,,Security Guard,Nigerian,12 MONTHS,100,"288,000.00","2,880.00",,8089686253,
Sunday,Edegbe,,Security Guard,Nigerian,12 MONTHS,100,"288,000.00","2,880.00",,8089686254,
James,Omale,,Security Guard,Nigerian,12 MONTHS,100,"288,000.00","2,880.00",,8089686265,
Adeyeye,Lekan,,Security Guard,Nigerian,12 MONTHS,100,"288,000.00","2,880.00",,8089686266,
Yinusa,Shehu,,Security Guard,Nigerian,12 MONTHS,100,"288,000.00","2,880.00",,8089686267,
Omahe,Sodiq,Jimoh,Security Guard,Nigerian,12 MONTHS,100,"288,000.00","2,880.00",,8089686268,
Akpan,Kingsley,,Security Guard,Nigerian,12 MONTHS,100,"276,000.00","2,760.00",,8089686289,
Emmanuel,Luke,,Security Guard,Nigerian,12 MONTHS,100,"276,000.00","2,760.00",,8089686292,
Peter,Inyang,,Security Guard,Nigerian,12 MONTHS,100,"276,000.00","2,760.00",,8089686294,
Nkirika,Emeasoba,,Security Guard,Nigerian,12 MONTHS,100,"276,000.00","2,760.00",,8089686295,
Moshood,Lawal,,Security Guard,Nigerian,12 MONTHS,100,"276,000.00","2,760.00",,8089686296,
Hammed,Afolabi,,Security Guard,Nigerian,12 MONTHS,100,"276,000.00","2,760.00",,8089686297,
Ajewole,Oluwole,,Security Guard,Nigerian,12 MONTHS,100,"276,000.00","2,760.00",,8089686298,
Aloh,Batholomew,Chinon,Security Guard,Nigerian,12 MONTHS,100,"276,000.00","2,760.00",,8089686299,
Ismaila,Oballah,D,Security Guard,Nigerian,12 MONTHS,100,"276,000.00","2,760.00",,8089686300,
Odoh,Afamefuna,,Security Guard,Nigerian,12 MONTHS,100,"276,000.00","2,760.00",,8089686301,
Quadri,Ajoke,Mary,Security Guard,Nigerian,12 MONTHS,100,"276,000.00","2,760.00",,8089686302,
Akinwoye,Taiwo,Tayo,Security Guard,Nigerian,12 MONTHS,100,"276,000.00","2,760.00",,8089686303,
Okonji,Kingsley,,Security Guard,Nigerian,12 MONTHS,100,"276,000.00","2,760.00",,8089686304,
David,Agbasi,,Security Guard,Nigerian,12 MONTHS,100,"276,000.00","2,760.00",,8089686305,
Manjegbesan,Mahruph,Babatunde,Security Guard,Nigerian,12 MONTHS,100,"276,000.00","2,760.00",,8089686306,
Oriade,Hakeem,,Security Guard,Nigerian,12 MONTHS,100,"276,000.00","2,760.00",,8089686307,
Olowolagba,Adigun,Sunday,Security Guard,Nigerian,12 MONTHS,100,"276,000.00","2,760.00",,8089686308,
Omole,Rita,,Security Guard,Nigerian,12 MONTHS,100,"276,000.00","2,760.00",,8089686309,
Balogun,Emmanuel,,Security Guard,Nigerian,12 MONTHS,100,"276,000.00","2,760.00",,8089686310,
Linus,Odama,,Security Guard,Nigerian,12 MONTHS,100,"276,000.00","2,760.00",,8089686311,
Egwumah,Nelson,,Security Guard,Nigerian,12 MONTHS,100,"276,000.00","2,760.00",,8089686312,
Ojiemen,John,,Security Guard,Nigerian,12 MONTHS,100,"276,000.00","2,760.00",,8089686313,
Echefule,Ebere,,Security Guard,Nigerian,12 MONTHS,100,"276,000.00","2,760.00",,8089686324,
Chinemerem,,,Security Guard,Nigerian,12 MONTHS,100,"276,000.00","2,760.00",,8089686325,
Joshua,Geofrey,L,Security Guard,Nigerian,12 MONTHS,100,"276,000.00","2,760.00",,8089686326,
Helen,Akpofor,M,Security Guard,Nigerian,12 MONTHS,100,"273,000.00","2,730.00",,8089686180,
Isiak,Taofeek,Idowu,Security Guard,Nigerian,12 MONTHS,100,"273,000.00","2,730.00",,8089686181,
Igbini,Michael,,Security Guard,Nigerian,12 MONTHS,100,"273,000.00","2,730.00",,8089686182,
Daniel,Marcus,,Security Guard,Nigerian,12 MONTHS,100,"273,000.00","2,730.00",,8089686185,
Osahon,Ukpebor,Daniel,Security Guard,Nigerian,12 MONTHS,100,"273,000.00","2,730.00",,8089686186,
Egba,Friday,,Security Guard,Nigerian,12 MONTHS,100,"270,000.00","2,700.00",,8089686161,
Azeta,Bright,,Security Guard,Nigerian,12 MONTHS,100,"264,000.00","2,640.00",,8089686157,
Pascal,Okeke,,Security Guard,Nigerian,12 MONTHS,100,"264,000.00","2,640.00",,8089686164,
Ozobuaha,Emeka,,Security Guard,Nigerian,12 MONTHS,100,"264,000.00","2,640.00",,8089686187,
Olaniyi,Odunayo,Kayode,Security Guard,Nigerian,12 MONTHS,100,"264,000.00","2,640.00",,8089686188,
Agbo,John,,Security Guard,Nigerian,12 MONTHS,100,"264,000.00","2,640.00",,8089686285,
Salihu,Kehinde,,Security Guard,Nigerian,12 MONTHS,100,"264,000.00","2,640.00",,8089686314,
Peter,Promise,,Security Guard,Nigerian,12 MONTHS,100,"264,000.00","2,640.00",,8089686315,
Aghomon,James,,Security Guard,Nigerian,12 MONTHS,100,"264,000.00","2,640.00",,8089686316,
Osim,Dickson,,Security Guard,Nigerian,12 MONTHS,100,"264,000.00","2,640.00",,8089686317,
Ologbo,Andrew,Ikepe,Security Guard,Nigerian,12 MONTHS,100,"264,000.00","2,640.00",,8089686318,
Oboh,Osas,,Security Guard,Nigerian,12 MONTHS,100,"264,000.00","2,640.00",,8089686319,
Joseph,Idara,,Security Guard,Nigerian,12 MONTHS,100,"264,000.00","2,640.00",,8089686320,
Onigar,Romanus,,Security Guard,Nigerian,12 MONTHS,100,"264,000.00","2,640.00",,8089686321,
Linus,Odama,,Security Guard,Nigerian,12 MONTHS,100,"246,580.68","2,465.81",,8089686221,
Okoh,Michael,,Security Guard,Nigerian,12 MONTHS,100,"246,580.68","2,465.81",,8089686222,
Sonubi,Tosin,,Security Guard,Nigerian,12 MONTHS,100,"246,000.00","2,460.00",,8089686234,
Saheed,Nasiru,,Auto Electrician,Nigerian,12 MONTHS,100,"240,000.00","2,400.00",,8089686100,
Odewale,Adio,,Security Guard,Nigerian,12 MONTHS,100,"240,000.00","2,400.00",,8089686136,
Onoja,James,,Security Guard,Nigerian,12 MONTHS,100,"240,000.00","2,400.00",,8089686140,
Erume,Moses,,Security Guard,Nigerian,12 MONTHS,100,"240,000.00","2,400.00",,8089686141,
Isa,Aliyu,Jimoh,Security Guard,Nigerian,12 MONTHS,100,"240,000.00","2,400.00",,8089686149,
Akwo,Sunday,,Security Guard,Nigerian,12 MONTHS,100,"240,000.00","2,400.00",,8089686158,
Okpe,Andrew,,Security Guard,Nigerian,12 MONTHS,100,"240,000.00","2,400.00",,8089686159,
Itua,Lucky,Newman,Security Guard,Nigerian,12 MONTHS,100,"240,000.00","2,400.00",,8089686160,
Joseph,Ekpo,,Security Guard,Nigerian,12 MONTHS,100,"240,000.00","2,400.00",,8089686163,
Igietemoh,Micheal,,Security Guard,Nigerian,12 MONTHS,100,"240,000.00","2,400.00",,8089686165,
Aliyu,Jimoh,Isah,Security Guard,Nigerian,12 MONTHS,100,"240,000.00","2,400.00",,8089686166,
Sunday,John,,Security Guard,Nigerian,12 MONTHS,100,"240,000.00","2,400.00",,8089686167,
Eze,Lawrence,,Security Guard,Nigerian,12 MONTHS,100,"240,000.00","2,400.00",,8089686168,
Shokumbi,Adebayo,Paul,Security Guard,Nigerian,12 MONTHS,100,"240,000.00","2,400.00",,8089686169,
Idoko,Emeka,Martins,Security Guard,Nigerian,12 MONTHS,100,"240,000.00","2,400.00",,8089686171,
Yakubu,Isah,,Security Guard,Nigerian,12 MONTHS,100,"240,000.00","2,400.00",,8089686176,
Chibuzor,Okparachi,,Security Guard,Nigerian,12 MONTHS,100,"240,000.00","2,400.00",,8089686177,
Oludare,Olalekan,,Security Guard,Nigerian,12 MONTHS,100,"240,000.00","2,400.00",,8089686178,
Ologbo,Job,,Security Guard,Nigerian,12 MONTHS,100,"240,000.00","2,400.00",,8089686179,
Aremu,Femi,,Security Guard,Nigerian,12 MONTHS,100,"240,000.00","2,400.00",,8089686183,
Ethamsor,Timothy,,Security Guard,Nigerian,12 MONTHS,100,"240,000.00","2,400.00",,8089686184,
Okwuoha,Christian,,Security Guard,Nigerian,12 MONTHS,100,"240,000.00","2,400.00",,8089686255,
Eseagwu,Robinson,,Security Guard,Nigerian,12 MONTHS,100,"240,000.00","2,400.00",,8089686256,
Ogabor,Paul,F,Security Guard,Nigerian,12 MONTHS,100,"240,000.00","2,400.00",,8089686257,
Asikpo,Elijah,,Security Guard,Nigerian,12 MONTHS,100,"240,000.00","2,400.00",,8089686258,
Erume,,,Security Guard,Nigerian,12 MONTHS,100,"240,000.00","2,400.00",,8089686259,
Sule,Mohammed,,Security Guard,Nigerian,12 MONTHS,100,"240,000.00","2,400.00",,8089686260,
Godwin,Nwachukwu,,Security Guard,Nigerian,12 MONTHS,100,"240,000.00","2,400.00",,8089686269,
Tom,Prince,Saviour,Security Guard,Nigerian,12 MONTHS,100,"240,000.00","2,400.00",,8089686270,
Antigha,Essien,,Security Guard,Nigerian,12 MONTHS,100,"240,000.00","2,400.00",,8089686271,
Airiofo,Collins,,Security Guard,Nigerian,12 MONTHS,100,"240,000.00","2,400.00",,8089686272,
Akor,Chigozie,,Security Guard,Nigerian,12 MONTHS,100,"240,000.00","2,400.00",,8089686273,
Ephrem,Ezechi,,Security Guard,Nigerian,12 MONTHS,100,"240,000.00","2,400.00",,8089686274,
Francis,Prempeh,,Security Guard,Nigerian,12 MONTHS,100,"240,000.00","2,400.00",,8089686322,
Ochikiri,Benjamin,R,Security Guard,Nigerian,12 MONTHS,100,"240,000.00","2,400.00",,8089686323,
Okuaka,Christian,,Security Guard,Nigerian,12 MONTHS,100,"234,000.00","2,340.00",,8089686275,
Obed,Okorie,Ibe,Security Guard,Nigerian,12 MONTHS,100,"234,000.00","2,340.00",,8089686276,
Oyeyemi,Mustapha,,Security Guard,Nigerian,12 MONTHS,100,"234,000.00","2,340.00",,8089686277,
Godwin,Okon,,Security Guard,Nigerian,12 MONTHS,100,"234,000.00","2,340.00",,8089686278,
Desmond,Uche,,Security Guard,Nigerian,12 MONTHS,100,"234,000.00","2,340.00",,8089686279,
Uwah,Williams,,Security Guard,Nigerian,12 MONTHS,100,"234,000.00","2,340.00",,8089686280,
Udeh,Livinus,,Security Guard,Nigerian,12 MONTHS,100,"234,000.00","2,340.00",,8089686281,
Nwachukwu,Udochukwu,Davies,Security Guard,Nigerian,12 MONTHS,100,"234,000.00","2,340.00",,8089686282,
Joseph,Akpan,Abraham,Security Guard,Nigerian,12 MONTHS,100,"234,000.00","2,340.00",,8089686283,
Joseph,Idara,,Security Guard,Nigerian,12 MONTHS,100,"234,000.00","2,340.00",,8089686284,
Ugbedaga,Peter,,Security Guard,Nigerian,12 MONTHS,100,"222,000.00","2,220.00",,8089686174,
Shokumbi,Lukmon,,Security Guard,Nigerian,12 MONTHS,100,"219,192.00","2,191.92",,8089686206,
Abdullahi,Mdanusa,,Security Guard,Nigerian,12 MONTHS,100,"216,000.00","2,160.00",,8089686247,
Eboh,Longinus,,Security Guard,Nigerian,12 MONTHS,100,"216,000.00","2,160.00",,8089686248,
Idowu,,,Security Guard,Nigerian,12 MONTHS,100,"216,000.00","2,160.00",,8089686249,
Shamusideen,Bolaji,,Security Guard,Nigerian,12 MONTHS,100,"216,000.00","2,160.00",,8089686250,
Ochigbo,Enoch,,Security Guard,Nigerian,12 MONTHS,100,"216,000.00","2,160.00",,8089686251,
Odoma,Attai,,Security Guard,Nigerian,12 MONTHS,100,"216,000.00","2,160.00",,8089686252,
John,Odey,,Security Guard,Nigerian,12 MONTHS,100,"210,000.00","2,100.00",,8089686172,
Onmaipu,Alhaji,Sunday,Security Guard,Nigerian,12 MONTHS,100,"210,000.00","2,100.00",,8089686173,
Ogbadoyi,Francis,,Security Guard,Nigerian,12 MONTHS,100,"210,000.00","2,100.00",,8089686215,
Ndagi,Yaman,,Security Guard,Nigerian,12 MONTHS,100,"210,000.00","2,100.00",,8089686216,
Eki,Donatus,,Security Guard,Nigerian,12 MONTHS,100,"210,000.00","2,100.00",,8089686217,
Eze,Jonathan,,Security Guard,Nigerian,12 MONTHS,100,"210,000.00","2,100.00",,8089686218,
Boi,Onyeisi,,Security Guard,Nigerian,12 MONTHS,100,"210,000.00","2,100.00",,8089686219,
Ojie,Ernest,,Security Guard,Nigerian,12 MONTHS,100,"210,000.00","2,100.00",,8089686220,
Ibrahim,Adakole,James,Security Guard,Nigerian,12 MONTHS,100,"210,000.00","2,100.00",,8089686241,
Onoja,James,Audu,Security Guard,Nigerian,12 MONTHS,100,"210,000.00","2,100.00",,8089686242,
Christopher,Etim,,Security Guard,Nigerian,12 MONTHS,100,"210,000.00","2,100.00",,8089686243,
Jessa,Frederick,,Security Guard,Nigerian,12 MONTHS,100,"210,000.00","2,100.00",,8089686286,
Joseph,Obianigwe,,Security Guard,Nigerian,12 MONTHS,100,"195,192.00","1,951.92",,8089686205,
Abubakar,Philemon,,Security Guard,Nigerian,12 MONTHS,100,"195,192.00","1,951.92",,8089686207,
Damain,Ochai,,Security Guard,Nigerian,12 MONTHS,100,"195,192.00","1,951.92",,8089686208,
Udeme,Okon,,Security Guard,Nigerian,12 MONTHS,100,"195,192.00","1,951.92",,8089686209,
Falade,Oluwaseun,,Security Guard,Nigerian,12 MONTHS,100,"195,192.00","1,951.92",,8089686210,
Okoli,Emmanuel,,Security Guard,Nigerian,12 MONTHS,100,"195,192.00","1,951.92",,8089686211,
Agbata,Jude,,Security Guard,Nigerian,12 MONTHS,100,"195,192.00","1,951.92",,8089686227,
Emmanuel,Shotuyi,,Security Guard,Nigerian,12 MONTHS,100,"195,192.00","1,951.92",,8089686228,
Ene,Josephat,,Security Guard,Nigerian,12 MONTHS,100,"195,192.00","1,951.92",,8089686229,
Kenneth,Chukwu,,Security Guard,Nigerian,12 MONTHS,100,"195,192.00","1,951.92",,8089686230,
Goddy,Oghenne,,Security Guard,Nigerian,12 MONTHS,100,"195,192.00","1,951.92",,8089686231,
Ekpe,Francis,,Security Guard,Nigerian,12 MONTHS,100,"195,192.00","1,951.92",,8089686232,
Saliu,Friday,,Security Guard,Nigerian,12 MONTHS,100,"195,192.00","1,951.92",,8089686233,
Friday,John,,Security Guard,Nigerian,12 MONTHS,100,"195,192.00","1,951.92",,8089686235,
Adele,Chinonso,,Security Guard,Nigerian,12 MONTHS,100,"195,192.00","1,951.92",,8089686236,
Sanni,Ramidu,,Security Guard,Nigerian,12 MONTHS,100,"195,192.00","1,951.92",,8089686237,
Naya,Olamide,,Security Guard,Nigerian,12 MONTHS,100,"195,192.00","1,951.92",,8089686238,
Maduakor,Fidelis,,Security Guard,Nigerian,12 MONTHS,100,"195,192.00","1,951.92",,8089686239,
Brifini,Tom,Ituah,Security Guard,Nigerian,12 MONTHS,100,"180,000.00","1,800.00",,8089686142,
Uki,I,Sunday,Driver,Nigerian,12 MONTHS,100,"120,000.00","2,548.00",,8089686108,
Sunday,Samuel,,Security Guard,Nigerian,12 MONTHS,100,"101,612.88","1,016.13",,8089686287,
Moses,Adisa,Mufutau,Driver,Nigerian,12 MONTHS,100,"25,000.00","2,997.42",,8089686106,
