DATE OF PAYMENT, AMOUNT PAID , PERIOD OF PAYMENT,RECEIPT NUMBER,TYPE OF WITHHOLDING
43276," 74,181.75 ",JANUARY,4209106 479,LIRS
43276," 51,383.50 ",FEBRUARY,4208790 160,LIRS
43412," 41,967.50 ",MARCH,7902292 278,LIRS
43412," 40,876.50 ",APRIL,5923589 159,LIRS
43412," 71,057.75 ",MAY,7215092 158,LIRS
43412," 42,618.25 ",JUNE,2094802 103,LIRS
43412," 29,350.75 ",JULY,8284885 463,LIRS
43412," 27,986.00 ",AUGUST,7683960 166,LIRS
43412," 30,748.00 ",SEPTEMBER,1986528 357,LIRS
43412," 32,181.00 ",OCTOBER,8769112 612,LIRS
43440," 60,317.13 ",NOVEMBER,7490775 986,LIRS
