SURNAME,OTHER NAMES,DESIGNATION,NATIONALITY,GROSS INCOME,STAFF PHONE NUMBER,STAFF EMAIL ADDRESS
Joshua,Geofrey L.,Security Guard,NIGERIAN,"276,000.00",8089686315,
Elias ,Adeka,Security Guard,NIGERIAN,"276,000.00",8089686314,
Emmanuel,Ogwede,Security Guard,NIGERIAN,"276,000.00",8089686313,
Venus,John Okon,Security Guard,NIGERIAN,"276,000.00",8089686312,
Ezekiel,Michael Ikpi,Security Guard,NIGERIAN,"240,000.00",8089686311,
Francis,Prempeh,Security Guard,NIGERIAN,"240,000.00",8089686310,
Ejeh,Christian,Security Guard,NIGERIAN,"264,000.00",8089686309,
Onigar,Romanus,Security Guard,NIGERIAN,"264,000.00",8089686308,
Obiabuchi,Ike Chukwunonerem,Security Guard,NIGERIAN,"264,000.00",8089686307,
Ajegba,Ojor Isaac,Security Guard,NIGERIAN,"240,000.00",8089686306,
Onuche,Kelechi,Security Guard,NIGERIAN,"240,000.00",8089686305,
Dickson,Joshua Tochukwu,Security Guard,NIGERIAN,"252,000.00",8089686304,
Achor,Peter Ochali,Security Guard,NIGERIAN,"252,000.00",8089686303,
James,Morayo Afolashade,Security Guard,NIGERIAN,"252,000.00",8089686302,
Okolo,Hannah,Security Guard,NIGERIAN,"264,000.00",8089686301,
Aghomon,James,Security Guard,NIGERIAN,"300,000.00",8089686300,
Okeleke,Chinedum Gabriel,Security Guard,NIGERIAN,"216,000.00",8089686299,
Steven,Ekene John,Security Guard,NIGERIAN,"276,000.00",8089686298,
Oneturji,Usmarn Micheal,Security Guard,NIGERIAN,"276,000.00",8089686297,
Unechu,Kingsley C.,Security Guard,NIGERIAN,"240,000.00",8089686296,
Udoetok,Saviour Edward,Security Guard,NIGERIAN,"276,000.00",8089686295,
Ngwumah,Nelson,Security Guard,NIGERIAN,"276,000.00",8089686294,
Olowolagba,Adigun Sunday,Security Guard,NIGERIAN,"216,000.00",8089686293,
David,Agbasi,Security Guard,NIGERIAN,"276,000.00",8089686292,
Nnamani,Charles Emeka,Security Guard,NIGERIAN,"294,000.00",8089686291,
Akinwoye ,Taiwo Tayo,Security Guard,NIGERIAN,"276,000.00",8089686290,
Quadri,Ajoke Mary,Security Guard,NIGERIAN,"276,000.00",8089686289,
Ajewole ,Oluwole,Security Guard,NIGERIAN,"276,000.00",8089686288,
Hammed,Afolabi,Security Guard,NIGERIAN,"276,000.00",8089686287,
Moshood,Lawal,Security Guard,NIGERIAN,"276,000.00",8089686286,
Odey,Marvelous,Security Guard,NIGERIAN,"276,000.00",8089686285,
Victory,Benjamine,Security Guard,NIGERIAN,"276,000.00",8089686284,
Peter ,Inyang,Security Guard,NIGERIAN,"276,000.00",8089686283,
Daniel,Omamosho,Security Guard,NIGERIAN,"336,000.00",8089686282,
Emmanuel,Luke,Security Guard,NIGERIAN,"276,000.00",8089686281,
Asuquo,Emmanuel,Security Guard,NIGERIAN,"276,000.00",8089686280,
Akpan,Kingsley,Security Guard,NIGERIAN,"276,000.00",8089686279,
Olaniyi,Odunayo Kayode,Security Guard,NIGERIAN,"606,000.00",8089686278,
Paulinus,Edet Abraham,Security Guard,NIGERIAN,"234,000.00",8089686277,
Joseph ,Akpan Abraham,Security Guard,NIGERIAN,"234,000.00",8089686276,
Gabriel,Silas,Security Guard,NIGERIAN,"234,000.00",8089686275,
Ugbede,Aaron Oghenero,Security Guard,NIGERIAN,"234,000.00",8089686274,
Desmond ,Uche,Security Guard,NIGERIAN,"234,000.00",8089686273,
Godwin,Okon,Security Guard,NIGERIAN,"252,000.00",8089686272,
Oyeyemi,Mustapha,Security Guard,NIGERIAN,"294,000.00",8089686271,
Obed,Okorie Ibe,Security Guard,NIGERIAN,"264,000.00",8089686270,
Ogbadoyi,Francis ,Security Guard,NIGERIAN,"240,000.00",8089686269,
Bankole,Ilesanmi,Security Guard,NIGERIAN,"240,000.00",8089686268,
Ephrem,Ezechi,Security Guard,NIGERIAN,"480,000.00",8089686267,
Iwosha,Ikenna Henry,Security Guard,NIGERIAN,"210,000.00",8089686266,
Ayanwu,Daniel Uche,Security Guard,NIGERIAN,"210,000.00",8089686265,
Ojiemen,John,Security Guard,NIGERIAN,"210,000.00",8089686264,
Airiofo,Collins,Security Guard,NIGERIAN,"210,000.00",8089686263,
Jessa,Frederick,Security Guard,NIGERIAN,"210,000.00",8089686262,
Agbo,John,Security Guard,NIGERIAN,"240,000.00",8089686261,
Tom,Prince Saviour,Security Guard,NIGERIAN,"240,000.00",8089686260,
Godwin,Nwachukwu,Security Guard,NIGERIAN,"240,000.00",8089686259,
Omahe,Sodiq Jimoh,Security Guard,NIGERIAN,"288,000.00",8089686258,
Yinusa,Shehu,Security Guard,NIGERIAN,"288,000.00",8089686257,
Adeyeye,Lekan,Security Guard,NIGERIAN,"288,000.00",8089686256,
James,Omale,Security Guard,NIGERIAN,"288,000.00",8089686255,
Fagbemi,Oluwaseyi Opeyemi,Security Guard,NIGERIAN,"294,000.00",8089686254,
Onikola,Adebayo Sunday,Security Guard,NIGERIAN,"294,000.00",8089686253,
Salami,Yekini O.,Security Guard,NIGERIAN,"318,000.00",8089686252,
Ambai,Samuel,Security Guard,NIGERIAN,"240,000.00",8089686251,
Erume,Moses,Security Guard,NIGERIAN,"240,000.00",8089686250,
Ujor,Romanus,Security Guard,NIGERIAN,"240,000.00",8089686249,
Olomi,Segun,Security Guard,NIGERIAN,"480,000.00",8089686248,
Okiti,Ossai Daniel,Security Guard,NIGERIAN,"240,000.00",8089686247,
Okwuoha,Christian,Security Guard,NIGERIAN,"480,000.00",8089686246,
Sunday,Samuel,Security Guard,NIGERIAN,"288,000.00",8089686245,
Elliot,Olusegun,Security Guard,NIGERIAN,"288,000.00",8089686244,
Adebisi,Ibrahim,Security Guard,NIGERIAN,"252,000.00",8089686243,
Abdullahi,Ndanusa,Security Guard,NIGERIAN,"252,000.00",8089686242,
Balogun,Olawale,Security Guard,NIGERIAN,"252,000.00",8089686241,
Ochigbo,Enoch,Security Guard,NIGERIAN,"252,000.00",8089686240,
Adeshina ,Blessing,Security Guard,NIGERIAN,"252,000.00",8089686239,
Shamusideen,Bolaji,Security Guard,NIGERIAN,"336,000.00",8089686238,
Chinedu,Okereke Justice,Security Guard,NIGERIAN,"312,000.00",8089686237,
Sheriff,Olalekan,Security Guard,NIGERIAN,"312,000.00",8089686236,
Ojesola,Akintoye Isaiah,Security Guard,NIGERIAN,"312,000.00",8089686235,
Christopher,Etim,Security Guard,NIGERIAN,"210,000.00",8089686234,
Onoja,James Audu,Security Guard,NIGERIAN,"210,000.00",8089686233,
Ibrahim,Adakole James,Security Guard,NIGERIAN,"324,000.00",8089686232,
Takang,George,Security Guard,NIGERIAN,"324,000.00",8089686231,
Hassan,Damilola,Security Guard,NIGERIAN,"198,000.00",8089686230,
Gabriel,Oluwatoki,Security Guard,NIGERIAN,"240,000.00",8089686229,
Maduakor,Fidelis,Security Guard,NIGERIAN,"240,000.00",8089686228,
Oladoye,Nelson,Security Guard,NIGERIAN,"240,000.00",8089686227,
Nurseman,Joseph,Security Guard,NIGERIAN,"240,000.00",8089686226,
Sanni,Ramidu,Security Guard,NIGERIAN,"240,000.00",8089686225,
Friday,John,Security Guard,NIGERIAN,"240,000.00",8089686224,
Sonubi,Tosin,Security Guard,NIGERIAN,"270,000.00",8089686223,
Saliu,Friday,Security Guard,NIGERIAN,"240,000.00",8089686222,
Ekpe ,Francis ,Security Guard,NIGERIAN,"240,000.00",8089686221,
Goddy ,Oghenne,Security Guard,NIGERIAN,"300,000.00",8089686220,
Emmanuel,Shotuyi,Security Guard,NIGERIAN,"300,000.00",8089686219,
Michael,Uchegbu,Security Guard,NIGERIAN,"240,000.00",8089686218,
Agbata,Jude,Security Guard,NIGERIAN,"198,000.00",8089686217,
Osigwe ,Hope Chimeze,Security Guard,NIGERIAN,"210,000.00",8089686216,
Okafor ,Ekene,Security Guard,NIGERIAN,"336,000.00",8089686215,
Adedayo,Solomon,Security Guard,NIGERIAN,"414,000.00",8089686214,
Toyo,Kingsley,Security Guard,NIGERIAN,"414,000.00",8089686213,
Okoh,Michael,Security Guard,NIGERIAN,"294,000.00",8089686212,
Linus,Odama,Security Guard,NIGERIAN,"414,000.00",8089686211,
Okpara,Alexander,Security Guard,NIGERIAN,"234,000.00",8089686210,
Vaah,Aodofa,Security Guard,NIGERIAN,"270,000.00",8089686209,
Oluwasegun,Ojekunle,Security Guard,NIGERIAN,"234,000.00",8089686208,
Oziegbe,Joshua Hope,Security Guard,NIGERIAN,"234,000.00",8089686207,
Muritala,Oladipupo,Security Guard,NIGERIAN,"234,000.00",8089686206,
Soleye,Abiola Adeoye,Security Guard,NIGERIAN,"252,000.00",8089686205,
Eki,Donatus,Security Guard,NIGERIAN,"264,000.00",8089686204,
Ogbewu ,Henry. A,Security Guard,NIGERIAN,"561,000.00",8089686203,
Olawale,Samuel,Security Guard,NIGERIAN,"288,000.00",8089686202,
Ibe ,Nnadi,Security Guard,NIGERIAN,"561,000.00",8089686201,
Nwaedozie,Jude,Security Guard,NIGERIAN,"252,000.00",8089686200,
Shaibu,Usman,Security Guard,NIGERIAN,"252,000.00",8089686199,
Sanni,Aminu,Security Guard,NIGERIAN,"252,000.00",8089686198,
Michael,Ogbule,Security Guard,NIGERIAN,"252,000.00",8089686197,
Abubakar ,Philemon ,Security Guard,NIGERIAN,"252,000.00",8089686196,
Kelechi,Ewa,Security Guard,NIGERIAN,"252,000.00",8089686195,
Shokumbi,Lukmon,Security Guard,NIGERIAN,"276,000.00",8089686194,
Obi,Matthew,Security Guard,NIGERIAN,"294,000.00",8089686193,
Patrick,Okoro,Security Guard,NIGERIAN,"294,000.00",8089686192,
Ateniola ,Martins,Security Guard,NIGERIAN,"294,000.00",8089686191,
Awoboye,Saidi Olawale,Security Guard,NIGERIAN,"384,000.00",8089686190,
Osahon,Ukpebor Daniel,Security Guard,NIGERIAN,"384,000.00",8089686189,
Adeyemi,Adebote,Security Guard,NIGERIAN,"273,000.00",8089686188,
Bisiriyu,Akanni Bello,Security Guard,NIGERIAN,"480,000.00",8089686187,
Olanrewaju,Fapohunda,Security Guard,NIGERIAN,"384,000.00",8089686186,
Ologbo,John,Security Guard,NIGERIAN,"273,000.00",8089686185,
Daniel ,Marcus,Security Guard,NIGERIAN,"273,000.00",8089686184,
Ethamsor,Timothy,Security Guard,NIGERIAN,"273,000.00",8089686183,
Aremu,Femi,Security Guard,NIGERIAN,"483,000.00",8089686182,
Igbini,Michael,Security Guard,NIGERIAN,"273,000.00",8089686181,
Isiak,Taofeek Idowu,Security Guard,NIGERIAN,"273,000.00",8089686180,
Akinbobola,Morolayo,Security Guard,NIGERIAN,"273,000.00",8089686179,
Alomaja,Olaniyi,Security Guard,NIGERIAN,"201,600.00",8089686178,
Ologbo,Job,Security Guard,NIGERIAN,"294,000.00",8089686177,
John,Odey,Security Guard,NIGERIAN,"240,000.00",8089686176,
David ,Ikenna Ohanuka,Security Guard,NIGERIAN,"567,000.00",8089686175,
Ohikomare,Ernest,Security Guard,NIGERIAN,"240,000.00",8089686174,
Igietemoh,Micheal,Security Guard,NIGERIAN,"288,000.00",8089686173,
Victor,Asuquo,Security Guard,NIGERIAN,"240,000.00",8089686172,
Ishu,Christopher,Security Guard,NIGERIAN,"240,000.00",8089686171,
Chukwuma,Emmanuel,Security Guard,NIGERIAN,"240,000.00",8089686170,
Thomas,Obed,Security Guard,NIGERIAN,"240,000.00",8089686169,
Pascal ,Okeke,Security Guard,NIGERIAN,"270,000.00",8089686168,
Akpan,Lawrence,Security Guard,NIGERIAN,"240,000.00",8089686167,
Ismail,Wahab,Security Guard,NIGERIAN,"294,000.00",8089686166,
Egba,Friday,Security Guard,NIGERIAN,"294,000.00",8089686165,
Christopher,Daniel Ogbodo,Security Guard,NIGERIAN,"294,000.00",8089686164,
Akpan,Bassey Effiong,Security Guard,NIGERIAN,"294,000.00",8089686163,
Oboh,Osas,Security Guard,NIGERIAN,"240,000.00",8089686162,
Jefrey,Okosun,Security Guard,NIGERIAN,"240,000.00",8089686161,
Olaleye,Adekunle Wahab,Security Guard,NIGERIAN,"240,000.00",8089686160,
Itua,Lucky Newman,Security Guard,NIGERIAN,"264,000.00",8089686159,
Enogela, Samson Matthew,Security Guard,NIGERIAN,"420,000.00",8089686158,
Alabi ,Kolawole,Security Guard,NIGERIAN,"300,000.00",8089686157,
Bassey,Nelson Eden ,Security Guard,NIGERIAN,"300,000.00",8089686156,
Ambai, Samuel,Security Guard,NIGERIAN,"300,000.00",8089686155,
Okoh,Michael J. ,Security Guard,NIGERIAN,"300,000.00",8089686154,
Okon,Godwin ,Security Guard,NIGERIAN,"300,000.00",8089686153,
Olawale ,Samuel,Security Guard,NIGERIAN,"300,000.00",8089686152,
Wahab ,Ismail,Security Guard,NIGERIAN,"300,000.00",8089686151,
Odey,John ,Security Guard,NIGERIAN,"300,000.00",8089686150,
Egwumah ,Nelson Samuel,Security Guard,NIGERIAN,"300,000.00",8089686149,
Udoh ,Antoni,Security Guard,NIGERIAN,"300,000.00",8089686148,
Adekunle ,Egbebiyi,Security Guard,NIGERIAN,"300,000.00",8089686147,
Anyanwu ,Daniel Uche,Security Guard,NIGERIAN,"300,000.00",8089686146,
Ujor,Romanus ,Security Guard,NIGERIAN,"300,000.00",8089686145,
Titus,Danjuma ,Security Guard,NIGERIAN,"300,000.00",8089686144,
Ayeigbeni ,Anthony ,Security Guard,NIGERIAN,"300,000.00",8089686143,
Mokele,Raymond Lucky ,Security Guard,NIGERIAN,"300,000.00",8089686142,
Erume, Moses,Security Guard,NIGERIAN,"240,000.00",8089686141,
Onoja, James ,Security Guard,NIGERIAN,"240,000.00",8089686140,
Udoh,Godwin Michael,Security Guard,NIGERIAN,"420,000.00",8089686139,
Okosun ,Oboh Andrew,Security Guard,NIGERIAN,"420,000.00",8089686138,
Akpan ,Cyril,Security Guard,NIGERIAN,"540,000.00",8089686137,
Adio,Odewale ,Security Guard,NIGERIAN,"240,000.00",8089686136,
Okoro,Patrick ,Security Guard,NIGERIAN,"360,000.00",8089686135,
Onuh,Festus ,Security Guard,NIGERIAN,"456,000.00",8089686134,
Famurewa ,Adebayo,Patrol Supervisor,NIGERIAN,"540,000.00",8089686133,
Amaobi ,Everest,Branch Controller,NIGERIAN,"540,000.00",8089686132,
Olakunle-Sheu ,Modupe,Finance Officer,NIGERIAN,"720,000.00",8089686131,
Uzoezi,Edaferata,Operations Officer,NIGERIAN,"1,200,000.00",8089686130,
Ikiota ,Sunday,Senior Operations Officer,NIGERIAN,"1,440,000.00",8089686129,
Adeshola ,Emmanuel Kolawole,Senior Operations Officer,NIGERIAN,"1,800,000.00",8089686128,
Aliyu,Saka ,Mechanic,NIGERIAN,"720,000.00",8089686127,
Akpomano,Monday,Mechanic,NIGERIAN,"720,000.00",8089686126,
Yusuf, Jafaru,Senior Mechanic,NIGERIAN,"960,000.00",8089686125,
Abass,Ibrahim ,Senior Mechanic,NIGERIAN,"960,000.00",8089686124,
Madu ,David Ifeanyi,Driver,NIGERIAN,"580,800.00",8089686123,
Azubuike,Michael ,Driver,NIGERIAN,"678,000.00",8089686122,
Edheseka,Francis ,Commander,NIGERIAN,"570,000.00",8089686121,
Abdullahi,Ibrahim ,Commander,NIGERIAN,"570,000.00",8089686120,
Ukuhmen,Sylvester ,Senior Commander,NIGERIAN,"740,040.00",8089686119,
Moses,Miss Margaret,Cook,NIGERIAN,"300,000.00",8089686118,
Adeniran ,Kehinde,Receptionist,NIGERIAN,"495,000.00",8089686117,
Olabanji ,Folashade,Contract ,NIGERIAN,"1,560,000.00",8089686116,
Awoh,Peter,Steward,NIGERIAN,"456,000.00",8089686115,
Okeke,Christopher ,Gardner,NIGERIAN,"420,000.00",8089686114,
Ilegbinehi,Kelly ,Store/Facilities Officer,NIGERIAN,"600,000.00",8089686113,
Nasiru,Saheed ,Auto Electrician,NIGERIAN,"240,000.00",8089686112,
 Asinabi,Bryant Kaduru,Aviation Security Officer,NIGERIAN,"720,000.00",8089686111,
Esekhaigbe,Kenneth Razaak ,Fleet Support Assistant,NIGERIAN,"900,000.00",8089686110,
Ukorah,Lawrence ,Admin/ Vetting Officer,NIGERIAN,"1,020,000.00",8089686109,
Idoko,Emmanuel ,Operations Liaison Officer,NIGERIAN,"960,000.00",8089686108,
Eyinfunjowo,Sumbo ,EA to MD,NIGERIAN,"840,000.00",8089686107,
Okoro,Amanda ,Admin/HR Officer,NIGERIAN,"1,200,000.00",8089686106,
Omowa, Ajibade Fidelis ,General Manager,NIGERIAN,"6,000,000.00",8089686105,
Irivwegu,Mudiaga ,Operations Officer,NIGERIAN,"1,200,000.00",8089686104,
Esangbedo,Okhen,"Project Officer,Cash Mgt",NIGERIAN,"1,440,000.00",8089686103,
Afekolu ,Raymond,Snr CIT Officer,NIGERIAN,"1,500,000.00",8089686102,
Akhahowa,Adesuwa ,Accounts Officer,NIGERIAN,"1,500,000.00",8089686101,
Musa,Yakubu ,CIT Operations Officer (Lagos),NIGERIAN,"660,000.00",8089686100,
Adewunmi,Joy Chiamaka ,Accounts Officer,NIGERIAN,"1,200,000.00",8089686099,
Akintola,Afolabi ,CIT Operations Officer (West),NIGERIAN,"1,500,000.00",8089686098,
Omoh,Anthony .O. ,Snr. Compliance Officer,NIGERIAN,"1,440,000.00",8089686097,
Ekundayo, Ebenezer ,Snr. Accounts Officer,NIGERIAN,"1,800,000.00",8089686096,
Kofoworola,Joseph ,"Operations Mgr, Technical",NIGERIAN,"3,433,762.68",8089686095,
Adesokan ,Kabir Oladele,Company Accountant,NIGERIAN,"4,200,000.00",8089686094,
Ozor,Omosigho ,"Head,HR & Admin",NIGERIAN,"3,576,000.00",8089686093,
