SURNAME,FIRST NAME, MIDDLE NAME,DESIGNATION,NATIONALITY,NUMBER OF MONTHS,DEVELOPMENT LEVY,GROSS INCOME,ANNUAL TAX PAID,TAXPAYER ID,STAFF PHONE NUMBER,STAFF EMAIL ADDRESS
FALAIYE,ADESOLA,FLORENCE,DEPUTY MD,NIGERIAN,12,100," 5,000,000.00 "," 716,400.00 ",N-3544838,08023077605,
ADEWUNMI,JACOB,ADEYOJU,PRODUCTION MANAGER,NIGERIAN,12,100," 4,750,000.00 "," 652,820.00 ",N-4281484,08033189341,
OGUNSAKIN,TAIWO,ADETUNBI,MARKETING MANAGER,NIGERIAN,12,100," 4,750,000.00 "," 652,820.00 ",N-3827968,08023213078,
OSOSANYA,BOSUN,OLUWAGBEMIGA,ACCOUNTANT,NIGERIAN,5,100," 3,000,000.00 "," 132,183.33 ",,08026956852,
ADESUPO,SAMUEL,ADENIYI,FINANCE MANAGER,NIGERIAN,12,100," 2,100,000.00 "," 186,373.67 ",N-2408455,08023523424,
OMOLAJA,MOSES,JOHN,ASSISTANT PRODUCTION MANAGER,NIGERIAN,12,100," 2,400,000.00 "," 229,593.00 ",N-3535821,07080722071,
OYEWOLE,BOLA,,PRINTER,NIGERIAN,12,100," 1,090,000.00 "," 56,298.00 ",,08138842983,
OTUNUYI,OLUGBENGA,FRANCIS,PRINTER,NIGERIAN,12,100," 1,260,000.00 "," 89,163.25 ",N-849746,08029403986,
OLALOWO,OLUWASEGUN,JOSEPH,STORE KEEPER,NIGERIAN,12,100," 1,555,000.00 "," 41,257.92 ",N-3535833,08037552164,
OBADAN,DAVID,ONI,ASSISTANT PRINTER,NIGERIAN,12,100," 620,000.00 "," 18,463.20 ",N-3544796,08182874348,
OSHIN,ABIODUN,ALEXANDER,ASSISTANT HEAD PRINTER,NIGERIAN,12,100," 890,000.00 "," 39,229.20 ",N-805204,07033868851,
OKEREKE,UCHE,JOHN,FOLDING MACHINE OPERATOR,NIGERIAN,12,100," 720,000.00 "," 25,241.60 ",N-3544823,08032524349,
ALASHIRI,MUSEDIQ,OLALEKAN,POLAR MACHINE OPERATOR,NIGERIAN,12,100," 845,000.00 "," 35,526.60 ",N-805002,08032202016,
CHARLES ,TIMOTHY,AFEKHAI,GTO MACHINE OPERATOR,NIGERIAN,12,100," 845,000.00 "," 35,526.60 ",N-849583,08067495477,
ROTIMI,ABAYOMI,OLUBU,POLAR MACHINE OPERATOR,NIGERIAN,12,100," 845,000.00 "," 35,526.60 ",N-804180,08026662853,
ADIGWE,SAMUEL,CHUKWU,BINDING MACHINE OPERATOR,NIGERIAN,12,100," 845,000.00 "," 35,526.60 ",N-3544818,08057081382,
OBEISUN ,OLUTAYO,ISAIAH,ADMIN OFFICER,NIGERIAN,12,100," 750,000.00 "," 41,257.92 ",N-3544788,07031278263,
ADEDIRAN,MICHAEL,OLUWASEGUN,FINISHING SUPERVISOR,NIGERIAN,12,100," 1,555,000.00 "," 108,471.00 ",N-805139,08084936179,
GODSWILL,OKON,ANIETIE,GRAPHIC ARTIST,NIGERIAN,12,100," 1,150,000.00 "," 67,705.00 ",N-3541100,07032259627,
HAKEEM,IBRAHIM,OLUYEMI,MECHANICAL ENGINEER,NIGERIAN,12,100," 1,675,000.00 "," 121,935.00 ",N-3544822,08033931471,
ADEPOJU,ADEGOKE,SAMSON,PRINTER,NIGERIAN,12,100," 790,000.00 "," 31,001.20 ",N-3544792,08056303125,
ADEBAMBO,OLAKUNLE,FRANCIS,DRIVER,NIGERIAN,12,100," 620,000.00 "," 19,335.87 ",N-9685489,08052549562,
ADENIBA,ADESOJI,JOSHUA,MECHANICAL ENGINEER,NIGERIAN,12,100," 960,000.00 "," 44,988.80 ",N-1211527,08085008473,
EZENWOKE,CHINYERE,LUCY,COLLATOR,NIGERIAN,12,100," 680,000.00 "," 21,950.40 ",N-5276106,08188503479,
OGUNMAKINWA,MOSES,DAMILOLA,COLLATOR,NIGERIAN,12,100," 805,000.00 "," 32,235.40 ",N-8165978,08074037349,
ADENUSI,LUKMAN,OLUSEGUN,PRINTER,NIGERIAN,12,100," 1,050,000.00 "," 52,394.00 ",N-4237149,08127741993,
AGBOOLA,TEMITOPE,DAMILARE,ASSISTANT PRINTER,NIGERIAN,12,100," 500,000.00 "," 12,180.00 ",,08063310630,
FALUWOYE,JIDE,LAWRENCE,MARKETING OFFICER,NIGERIAN,12,100," 1,200,000.00 "," 94,502.50 ",N-9745495,08107284636,
IJIGADE,KAYODE,OLUWASEGUN,FOLDING MACHINE OPERATOR,NIGERIAN,12,100," 500,000.00 "," 12,180.00 ",N-9595485,08037595358,
ANWOJU ,AGBOLADE,ANUOLUWAPO,MARKETING OFFICER,NIGERIAN,12,100," 1,650,000.00 "," 123,955.00 ",N-3738091,08036893907,
AGORO,SAHEED,OMOTAYO,LIGHT-PACKING MACHINE SUPERVISOR,NIGERIAN,12,100," 1,555,000.00 "," 108,471.00 ",N-4515933,08033623511,
OFILI,IFEANYI,MICHAEL,LIGHT-PACKING MACHINE OPERATOR,NIGERIAN,12,100," 1,332,000.00 "," 83,450.40 ",N-3827965,08060376458,
ODABIRA,FELIX,BUSUYI,PRINTER,NIGERIAN,12,100," 600,000.00 "," 17,416.00 ",N-8295721,07069660141,
RASHEED,MUYIDEEN,GBOLAGADE,BINDING MACHINE OPERATOR,NIGERIAN,12,100," 805,000.00 "," 32,235.40 ",N-4237150,08166624259,
OPADAYO,OLADAYO,ABIOLA,FOLDING MACHINE OPERATOR,NIGERIAN,12,100," 890,000.00 "," 39,229.20 ",N-4217270,08038347814,
JELILI,BICHI,ADEKUNLE,ESTIMATOR,NIGERIAN,12,100," 1,470,000.00 "," 112,174.00 ",N-2352236,08070516466,
KOLAWOLE,GBENGA,MOJEED,GTO MACHINE OPERATOR,NIGERIAN,12,100," 740,000.00 "," 26,887.20 ",N-3827967,08026615747,
OLAJIMBITI,AJIBOLA,BRUCE,THREE KNIVES TRIMMER,NIGERIAN,12,100," 640,000.00 "," 19,510.40 ",,07037113744,
GBADAMOSI,RASAQ,ADENIYE,THREE KNIVES TRIMMER,NIGERIAN,12,100," 640,000.00 "," 19,510.40 ",,07030778163,
ADEBIYI,MATTHEW,OBASANJO,LAMINATING MACHINE OPERATOR,NIGERIAN,12,100," 680,000.00 "," 21,950.40 ",,08022033030,
SAMUEL,AYO,EZEKIEL,ASSISTANT PRINTER,NIGERIAN,12,100," 660,000.00 "," 20,557.60 ",,07065941604,
ADEGALU,TAYO,PETER,LAMINATING MACHINE OPERATOR,NIGERIAN,12,100," 640,000.00 "," 19,510.40 ",,08068495774,
ENAVWODIA,AYO,LAZARUS,MECHANICAL TRAINEE,NIGERIAN,12,100," 720,000.00 "," 25,241.60 ",,07055280094,
KPOKPO,WILLIAMS,GODSWILL,MECHANICAL TRAINEE,NIGERIAN,12,100," 1,150,000.00 "," 6,944.00 ",,08137146859,
BALOGUN,OLUWATOSIN,HAKEEM,ELECTRICAL TRAINEE,NIGERIAN,12,100," 780,000.00 "," 30,178.40 ",,08026949822,
UDOH,NELSON,ANIEKAN,CHIEF SECURITY OFFICER,NIGERIAN,12,100," 940,000.00 "," 47,114.37 ",,08150734816,
ALADEKOYI ,OLUWANIYI ,ISAAC,CTP OPERATOR,NIGERIAN,12,100," 1,200,000.00 "," 68,640.00 ",,08034335177,
REKEDEI,GABRIEL,ALAOWEI,PRINTER,NIGERIAN,7,100," 1,140,000.00 "," 61,908.00 ",,08169142181,
GBADAMOSI,TAIWO,ESTHER,MARKETING EXECUTIVE,NIGERIAN,12,100," 2,000,000.00 "," 166,240.00 ",N - 1170078,08033221003,
MGBADO,BLESSING,AGBO,SECRETARY,NIGERIAN,12,100," 600,000.00 "," 23,419.33 ",,08060871283,
ONOJA,MONDAY,ISAAC,CTP TRAINEE,NIGERIAN,12,100," 380,000.00 "," 5,896.80 ",,08027362473,
SALAMI ,OLAWALE,SODIQ,FINISHING TRAINEE,NIGERIAN,12,100," 380,000.00 "," 5,896.80 ",,07063815452,
RASAQ,KEHINDE,JELEELI,ADMIN TRAINEE,NIGERIAN,12,100," 440,000.00 "," 11,438.23 ",,08059354229,
IWUAJOKU,OBINNA,KIZITO,FINISHING TRAINEE,NIGERIAN,12,100," 380,000.00 "," 5,896.80 ",,08073540552,
OTOIKITI ,ROTIMI,OLANRENWAJU,PRINTER,NIGERIAN,12,100," 1,080,000.00 "," 55,176.00 ",,08062929268,
FASHANU,OLUYINKA,MICHAEL,PRINTER,NIGERIAN,3,100," 1,800,000.00 "," 34,454.00 ",,08066132005,
AKINTOYE,TAIWO,MONSURU,PRINTER,NIGERIAN,3,100," 1,080,000.00 "," 13,794.00 ",,08024986529,
OGUNTUASE,KUNLE,OLUWAFERANMI,PRINTER,NIGERIAN,3,100," 1,080,000.00 "," 13,794.00 ",,08083359077,
SALAKO,OLUWASEUN,OLATAYO,PRINTER,NIGERIAN,3,100," 540,000.00 "," 3,568.60 ",,08028800402,
IBRAHIM ,IDRIS,SAMUEL,D. I OPERATOR,NIGERIAN,4,100," 480,000.00 "," 3,710.93 ",,08117191534,
OLUGBOSUN,ADEDOYIN,STEPHEN,CTP OPERATOR,NIGERIAN,5,100," 1,080,000.00 "," 22,990.00 ",,08037231307,
