SURNAME,OTHER NAMES,DESIGNATION,NATIONALITY,GROSS INCOME,STAFF PHONE NUMBER,STAFF EMAIL ADDRESS
FALAIYE,ADESOLA,DEPUTY MD,NIGERIAN," 6,000,000.00 ",08023077605,
ADEWUNMI,JACOB,PRODUCTION MANAGER,NIGERIAN," 5,500,000.00 ",08033189341,
OGUNSAKIN,TAIWO,MARKETING MANAGER,NIGERIAN," 5,500,000.00 ",08023213078,
OSOSANYA,BOSUN,ACCOUNTANT,NIGERIAN," 3,000,000.00 ",,
ADESUPO,SAMUEL,FINANCE MANAGER,NIGERIAN," 2,100,000.00 ",08023523424,
OYEWOLE,BOLA,PRINTER,NIGERIAN," 1,090,000.00 ",08138842983,
OTUNUYI,OLUGBENGA,PRINTER,NIGERIAN," 1,555,000.00 ",08029403986,
OLALOWO,OLUWASEGUN,STORE KEEPER,NIGERIAN," 1,125,000.00 ",08037552164,
OBADAN,DAVID,ASSISTANT PRINTER,NIGERIAN," 620,000.00 ",08182874348,
OSHIN,ABIODUN,ASSISTANT HEAD PRINTER,NIGERIAN," 890,000.00 ",07033868851,
OKEREKE,UCHE,FOLDING MACHINE OPERATOR,NIGERIAN," 720,000.00 ",08032524349,
ALASHIRI,MUSEDIQ,POLAR MACHINE OPERATOR,NIGERIAN," 845,000.00 ",08032202016,
CHARLES ,TIMOTHY,GTO MACHINE OPERATOR,NIGERIAN," 845,000.00 ",08067495477,
ROTIMI,ABAYOMI,POLAR MACHINE OPERATOR,NIGERIAN," 845,000.00 ",08026662853,
ADIGWE,SAMUEL,BINDING MACHINE OPERATOR,NIGERIAN," 845,000.00 ",08057081382,
OBEISUN ,OLUTAYO,ADMIN OFFICER,NIGERIAN," 1,125,000.00 ",07031278263,
OMOLAJA,MOSES,ASSISTANT PRODUCTION MANAGER,NIGERIAN," 2,500,000.00 ",07080722071,
ADEDIRAN,MICHAEL,FINISHING SUPERVISOR,NIGERIAN," 1,555,000.00 ",08084936179,
GODSWILL,OKON,GRAPHIC ARTIST,NIGERIAN," 1,250,000.00 ",07032259627,
HAKEEM,IBRAHIM,MECHANICAL ENGINEER,NIGERIAN," 1,675,000.00 ",08033931471,
ADEPOJU,ADEGOKE,PRINTER,NIGERIAN," 790,000.00 ",08056303125,
ADEBAMBO,OLAKUNLE,DRIVER,NIGERIAN," 660,000.00 ",08052549562,
ADENIBA,ADESOJI,MECHANICAL ENGINEER,NIGERIAN," 960,000.00 ",08085008473,
EZENWOKE,CHINYERE,COLLATOR,NIGERIAN," 680,000.00 ",08188503479,
OGUNMAKINWA,MOSES,COLLATOR,NIGERIAN," 805,000.00 ",08074037349,
ADENUSI,LUKMAN,PRINTER,NIGERIAN," 1,050,000.00 ",08127741993,
AGBOOLA,TEMITOPE,ASSISTANT PRINTER,NIGERIAN," 500,000.00 ",08063310630,
FALUWOYE,JIDE,MARKETING OFFICER,NIGERIAN," 1,750,000.00 ",08107284636,
IJIGADE,KAYODE,FOLDING MACHINE OPERATOR,NIGERIAN," 500,000.00 ",08037595358,
ANWOJU ,AGBOLADE,MARKETING OFFICER,NIGERIAN," 1,750,000.00 ",08036893907,
AGORO,SAHEED,LIGHT-PACKING MACHINE SUPERVISOR,NIGERIAN," 1,555,000.00 ",08033623511,
OFILI,IFEANYI,LIGHT-PACKING MACHINE OPERATOR,NIGERIAN," 1,332,000.00 ",08060376458,
ODABIRA,FELIX,PRINTER,NIGERIAN," 600,000.00 ",07069660141,
RASHEED,MUYIDEEN,BINDING MACHINE OPERATOR,NIGERIAN," 805,000.00 ",08166624259,
OPADAYO,OLADAYO,FOLDING MACHINE OPERATOR,NIGERIAN," 890,000.00 ",08038347814,
JELILI,BICHI,ESTIMATOR,NIGERIAN," 1,750,000.00 ",08070516466,
KOLAWOLE,GBENGA,GTO MACHINE OPERATOR,NIGERIAN," 740,000.00 ",08026615747,
OLAJIMBITI,AJIBOLA,THREE KNIVES TRIMMER,NIGERIAN," 640,000.00 ",07037113744,
GBADAMOSI,RASAQ,THREE KNIVES TRIMMER,NIGERIAN," 640,000.00 ",07030778163,
ADEBIYI,MATTHEW,LAMINATING MACHINE OPERATOR,NIGERIAN," 680,000.00 ",08022033030,
SAMUEL,AYO,ASSISTANT PRINTER,NIGERIAN," 660,000.00 ",07065941604,
ADEGALU,TAYO,LAMINATING MACHINE OPERATOR,NIGERIAN," 640,000.00 ",08068495774,
ENAVWODIA,AYO,MECHANICAL TRAINEE,NIGERIAN," 720,000.00 ",07055280094,
WILLIAMS,GODSWILL,MECHANICAL TRAINEE,NIGERIAN," 400,000.00 ",08137146859,
BALOGUN,OLUWATOSIN,ELECTRICAL TRAINEE,NIGERIAN," 780,000.00 ",08026949822,
UDOH,NELSON,CHIEF SECURITY OFFICER,NIGERIAN," 1,050,000.00 ",08150734816,
ALADEKOYI ,OLUWANIYI ,CTP OPERATOR,NIGERIAN," 1,200,000.00 ",08034335177,
REKEDEI,GABRIEL,PRINTER,NIGERIAN," 1,140,000.00 ",08169142181,
GBADAMOSI,TAIWO,THREE KNIVES TRIMMER,NIGERIAN," 2,000,000.00 ",08033221003,
MGBADO,BLESSING,SECRETARY,NIGERIAN," 800,000.00 ",08060871283,
ONOJA,MONDAY,CTP TRAINEE,NIGERIAN," 380,000.00 ",08027362473,
SALAMI ,OLAWALE,FINISHING TRAINEE,NIGERIAN," 380,000.00 ",07063815452,
RASAQ,KEHINDE,ADMIN TRAINEE,NIGERIAN," 55,000.00 ",08059354229,
IWUAJOKU,OBINNA,FINISHING TRAINEE,NIGERIAN," 380,000.00 ",08073540552,
OTOIKITI ,ROTIMI,PRINTER,NIGERIAN," 1,080,000.00 ",08062929268,
FASHANU,OLUYINKA,PRINTER,NIGERIAN," 1,800,000.00 ",08066132005,
AKINTOYE,TAIWO MONSURU,PRINTER,NIGERIAN," 1,080,000.00 ",08024986529,
OGUNTUASE,KUNLE OLUWAFERANMI,PRINTER,NIGERIAN," 1,080,000.00 ",08083359077,
SALAKO,OLUWASEUN OLATAYO,PRINTER,NIGERIAN," 540,000.00 ",08028800402,
IBRAHIM ,IDRIS,D. I OPERATOR,NIGERIAN," 480,000.00 ",08117191534,
OLUGBOSUN,ADEDOYIN,CTP OPERATOR,NIGERIAN," 1,080,000.00 ",08037231307,
