SURNAME,FIRST NAME, MIDDLE NAME,DESIGNATION,NATIONALITY,NUMBER OF MONTHS, DEVELOPMENT LEVY ,GROSS INCOME,ANNUAL TAX PAID,TAXPAYER ID,STAFF PHONE NUMBER,STAFF EMAIL ADDRESS
ITUAH ,ISI,,FRONT DESK,NIGERIAN,5,100,"150,000.00","2,566.65",,,
SHITTU,BISI,,FRONT DESK,NIGERIAN,10,100,"300,000.00","5,133.30",,8067452654,
WINIFRED,WINIFRED,,FRONT DESK,NIGERIAN,2,100,"56,000.00",802.66,,,
AKUEYAN ,GODWIN,,PORTER,NIGERIAN,10,100,"300,000.00",5133.3,,,
RAPHEAL,KESTER,,PORTER,NIGERIAN,10,100,"30,000.00",5133.3,,,
PATRICK,BLESSING,,ROOM SERVICE,NIGERIAN,6,100,"180,000.00",3079.98,,,
IYAMU,JENNIFER,,ROOM SERVICE,NIGERIAN,5,100,"150,000.00","2,566.65",,,
GODWIN,IFEOMA,REBECCA,ROOM SERVICE,NIGERIAN,12,100,"336,000.00","5,263.96",,,
IKUSEWA ,DEBORAH,,ROOM SERVICE,NIGERIAN,12,100,"336,000.00","5,263.96",,,
EBUKA,EMMANUEL,,WAITER,NIGERIAN,4,100,"120,000.00",2053.32,,,
OGAH,EMMANUEL,,HOUSEKEEPER,NIGERIAN,12,100,"360,000.00","6,159.96",,,
ADEBAYO ,SHAEED,,HOUSEKEEPER,NIGERIAN,10,100,"300,000.00","5,133.30",,,
OLUYEMI,ISHOLA,,HOUSEKEEPER,NIGERIAN,12,100,"360,000.00","6,159.96",,,
OKOCHA,STEVEN,,HOUSEKEEPER,NIGERIAN,6,100,"180,000.00","3,079.98",,,
PACKO ,FRANCIS,,MAINTENANCE,NIGERIAN,12,100,"360,000.00","6,159.96",,,
ATULE,FRANK,,LAUNDRY,NIGERIAN,12,100,"360,000.00","6,159.96",,,
HAMMED ,SIKIRU,,DRIVER,NIGERIAN,12,100,"420,000.00","9,519.96",,8027857721,
BENSON,FUNMI,,COOK,NIGERIAN,12,100,"420,000.00","9,519.96",,,
OMOJO,PATIENCE,,COOK,NIGERIAN,6,100,"180,000.00","3,079.98",,,
NDUKWE,UZOMA,,COOK,NIGERIAN,4,100,"120,000.00","2,053.32",,,
JIMMY,MERCY,,KITCHEN ASST.,NIGERIAN,10,100,"300,000.00","5,133.30",,,
NWANDU,GRACE,,PURCHASER,NIGERIAN,12,100,"360,000.00","6,159.96",,8029495263,
LAOYE,JUMOKE,,KITCHEN ASST.,NIGERIAN,4,100,"112,000.00","5,711.96",,,
SODIPO,SULEIMAN,,PLUMBER,NIGERIAN,12,100,"144,000.00","2,520.00",,8023443045,
AKINWUNMI ,OLAJIDE,,POOL SERVICE,NIGERIAN,12,100,"144,000.00","1,200.00",,,
JENNIFER ,JENNIFER,,SUPERVISOR,NIGERIAN,2,100,"70,000.00","1,586.66",,,
OYELERE ,ITUNU,,SUPERVISOR,NIGERIAN,12,100,"420,000.00","9,519.96",,,
OBIORA ,DAVID,,SUPERVISOR,NIGERIAN,12,100,"420,000.00","9,519.96",,,
OMEKE,VIVIAN,,F&B HEAD,NIGERIAN,12,100,"540,000.00","16,239.96",,9098787270,vivianomeke@gmail.com
JACOB,COMFORT,,ACCOUNTS,NIGERIAN,5,100,"154,000.00","2,790.65",,8028374589,ubacomfort9@gmail.com
OPADAYO ,IBUKUN,,CUSTOMER SERV.,NIGERIAN,12,100,"660,000.00","24,080.04",,7051881501,ibukun_tosin@yahoo.com
DAVIES ,FOLASHADE,,ACCOUNTS,NIGERIAN,10,100,"450,000.00","13,533.30",,8091787052,folashade_adewuyi@yahoo.com
JOHN ,CECILIA,,COOK,NIGERIAN,3,100,"90,000.00","1,539.99",,,
EKMA,CLEMENT,,HOUSEKEEPER,NIGERIAN,8,100,"240,000.00","4,106.64",,,
ALFRED,TOLU,,FRONT DESK,NIGERIAN,8,100,"240,000.00","4,106.64",,,
FATIOLU ,RONKE,,WAITRESS,NIGERIAN,2,100,"60,000.00","1,026.66",,,
ADETUNJI ,OLUWATOYIN,,FRONT DESK,NIGERIAN,1,100,"30,000.00",513.33,,,
AKINSETE ,MARY,,WAITRESS,NIGERIAN,4,100,"12,000.00","2,053.32",,,
JOHNSON,JOANNE,,WAITRESS,NIGERIAN,2,100,"60,000.00","1,026.66",,,
ELEKPO ,HAPPINESS,,WAITRESS,NIGERIAN,2,100,"60,000.00","2,566.65",,,
ADEAYO,MICHAEL,,HOUSEKEEPER,NIGERIAN,1,100,"30,000.00",513.33,,,
CHINEDU ,VICTORIA,,COOK,NIGERIAN,2,100,"70,000.00","1,586.66",,,
ODUDIMU ,YEMISI,,COOK,NIGERIAN,5,100,"150,000.00","2,566.65",,,
MORGAN ,AGARTHA,,WAITRESS,NIGERIAN,4,100,"112,000.00","1,941.32",,,
JOHN ,AKPOKE,,HOUSEKEEPER,NIGERIAN,3,100,"84,000.00","1,427.99",,,
OMIGADE ,BISI,,COOK,NIGERIAN,4,100,"120,000.00","2,613.32",,,
OWOYELE ,JOHN,,DRIVER,NIGERIAN,2,100,"60,000.00","1,026.66",,,
MACAULAY ,DOLAPO,,ROOM SERVICE,NIGERIAN,3,100,"90,000.00","1,539.99",,,
AGBOIFOH ,AUGUSTA,,FRONT DESK,NIGERIAN,2,100,"60,000.00","1,026.66",,,
IDONOR,RITA,,FRONT DESK,NIGERIAN,2,100,"60,000.00","1,026.66",,,
ILEPE,ABAYOMI,,PORTER,NIGERIAN,2,100,"60,000.00","1,026.66",,,
SULE,MARY ,FRANCA,WAITRESS,NIGERIAN,2,100,"60,000.00","1,026.66",,,
PRECIOUS ,IYABO,,WAITRESS,NIGERIAN,2,100,"60,000.00","1,026.66",,,
RICHARD ,PATIENCE,,KITCHEN ASST.,NIGERIAN,2,100,"60,000.00","1,026.66",,,
ETOWA,BOBBY,,PORTER,NIGERIAN,1,100,"30,000.00",513.33,,,
AARON,THEOPHILUS,,HOUSEKEEPER,NIGERIAN,1,100,"30,000.00",513.33,,,
DAVIES,DAVIES,,HOUSEKEEPER,NIGERIAN,2,100,"60,000.00","1,026.66",,,
SAMSON,JUMOKE,,COOK,NIGERIAN,1,100,"30,000.00",513.33,,,
OMOKUWAJO,BUKOLA,,WAITRESS,NIGERIAN,3,100,"90,000.00","1,539.99",,,
OKUSANYA ,MOJISOLA,,FRONT DESK,NIGERIAN,12,100,"360,000.00","6,159.96",,,
ENANG ,BLESSING,,FRONT DESK,NIGERIAN,6,100,"180,000.00","3,079.98",,,
OYENEKAN ,OBASANJO,,MARKETING,NIGERIAN,11,100,"440,000.00","11,806.63",,,
KENNETH,KENNETH,,SUPERVISOR,NIGERIAN,12,100,"420,000.00","8,119.96",,,
IKHUORIAH,MARIAM,,WAITRESS,NIGERIAN,12,100,"360,000.00","5,159.96",,,
TEJUOSHO ,GIFT,,WAITRESS,NIGERIAN,12,100,"360,000.00","6,159.96",,,
BABATUNDE ,TOLULOPE,,HOUSEKEEPER,NIGERIAN,9,100,"252,000.00","4,171.97",,,
EFFIONG,ANTHONY,,HOUSEKEEPER,NIGERIAN,12,100,"360,000.00","6,159.96",,,
ADEWOLE,TOPE,,HOUSEKEEPER,NIGERIAN,12,100,"360,000.00","6,159.96",,,
NNAMDI,MICHAEL,,HOUSEKEEPER,NIGERIAN,6,100,"180,000.00","3,079.98",,,
ODIDO,STEPHEN,,HOUSEKEEPER,NIGERIAN,12,100,"360,000.00","6,159.96",,,
SALAMI ,TUNJI,,LAUNDRY,NIGERIAN,12,100,"360,000.00","6,159.96",,,
ESSET,WISDOM,,COOK,NIGERIAN,6,100,"210,000.00","4,759.98",,,
CHINEDU ,VICTORIA,,COOK,NIGERIAN,12,100,"360,000.00","7,046.63",,,
SHITU ,KEMI,,KITCHEN ASST.,NIGERIAN,7,100,"210,000.00","3,369.31",,,
OGENDEGBE ,VICTOR,,SUPERVISOR,NIGERIAN,7,100,"280,000.00","6,673.31",,,
OGUNYANKINUN,OLUMIDE,,MAINTENANCE,NIGERIAN,12,100,"144,000.00","2,640.00",,8023402778,
CHUKWUDI,ANGELA,,CLEANER,NIGERIAN,7,100,"140,000.00","1,400.00",,,
OMOTOSHO,DAISY,,LAUNDRY,NIGERIAN,2,100,"56,000.00",802.66,,,
ISHOLA ,ISHOLA,,PURCHASER,NIGERIAN,4,100,"120,000.00","2,053.32",,,
MAGNUM,SUNNY,,MAINTENANCE,NIGERIAN,12,100,"84,000.00","2,040.00",,8074443066,
DIRISU,RESIDETU,,ACCOUNTS,NIGERIAN,11,100,"385,000.00","9,566.63",,9028446399,ressy2005@gmail.com
POPOOLA ,OMOWUNMI,,KITCHEN ASST.,NIGERIAN,3,100,"90,000.00","1,539.99",,,
IYERE ,GLORIA,,WAITRESS,NIGERIAN,1,100,"28,000.00",401.33,,,
LAWAL ,ADEOTI,,BAR ,NIGERIAN,2,100,"60,000.00","1,026.66",,,
JULIUS ,REMILEKUN,,COOK,NIGERIAN,8,100,"240,000.00","4,106.64",,,
UGBANI ,FRANCA,,WAITRESS,NIGERIAN,3,100,"84,000.00","4,797.30",,,
OLASUPO,TOPE,,COOK,NIGERIAN,5,100,"150,000.00","2,566.65",,,
OLUWAFEMI ,SEUN,,ACCOUNTS,NIGERIAN,9,100,"270,000.00","3,019.97",,7068768385,seun2dear@gmail.com
,,,,,,,,,,,
