SURNAME,OTHER NAMES,DESIGNATION,NATIONALITY,GROSS INCOME,STAFF PHONE NUMBER,STAFF EMAIL ADDRESS
PATRICK,BLESSING,,ROOM SERVICE,"360,000.00",,
GODWIN,IFEOMA,REBECCA,ROOM SERVICE,"360,000.00",,
IKUSEWA ,DEBORAH,,ROOM SERVICE,"360,000.00",,
OGAH,EMMANUEL,,HOUSEKEEPER,"360,000.00",,
PACKO ,FRANCIS,,MAINTENANCE,"360,000.00",,
ATULE,FRANK,,LAUNDRY,"360,000.00",,
HAMMED ,SIKIRU,,DRIVER,"420,000.00",8027857721,
BENSON,FUNMI,,COOK,"420,000.00",,
JIMMY,MERCY,,KITCHEN ASST.,"360,000.00",,
NWANDU,GRACE,,PURCHASER,"420,000.00",8029495265,
LAOYE,JUMOKE,,KITCHEN ASST.,"360,000.00",,
SODIPO,SULEIMAN,,PLUMBER,"120,000.00",8023443045,
AKINWUNMI ,OLAJIDE,,POOL SERVICE,"120,000.00",,
OBIORA ,DAVID,,SUPERVISOR,"420,000.00",,
OMEKE,VIVIAN,,F&B HEAD,"540,000.00",9098787270,vivianomeke@gmail.com
OPADAYO ,IBUKUN,,CUSTOMER SERV.,"600,000.00",7051881501,ibukun_tosin@yahoo.com
DAVIES ,FOLASHADE,,ACCOUNTS,"420,000.00",8091787052,folashade_adewuyi@yahoo.com
EKMA,CLEMENT,,HOUSEKEEPER,"360,000.00",,
ADETUNJI ,OLUWATOYIN,,FRONT DESK,"360,000.00",,
JOHNSON,JOANNE,,WAITRESS,"360,000.00",,
CHINEDU ,VICTORIA,,COOK,"420,000.00",,
MORGAN ,AGARTHA,,WAITRESS,"360,000.00",,
JOHN ,AKPOKE,,HOUSEKEEPER,"360,000.00",,
OMIGADE ,BISI,,COOK,"420,000.00",,
IDONOR,RITA,,FRONT DESK,"360,000.00",,
ILEPE,ABAYOMI,,PORTER,"360,000.00",,
SULE,MARY ,FRANCA,WAITRESS,"360,000.00",,
PRECIOUS ,IYABO,,WAITRESS,"360,000.00",,
RICHARD ,PATIENCE,,KITCHEN ASST.,"360,000.00",,
ETOWA,BOBBY,,PORTER,"360,000.00",,
AARON,THEOPHILUS,,HOUSEKEEPER,"360,000.00",,
DAVIES,DAVIES,,HOUSEKEEPER,"360,000.00",,
SAMSON,JUMOKE,,COOK,"360,000.00",,
OKUSANYA ,MOJISOLA,,FRONT DESK,"360,000.00",,
OYENEKAN ,OBASANJO,,MARKETING,"540,000.00",,
KENNETH,KENNETH,,SUPERVISOR,"420,000.00",,
IKHUORIAH,MARIAM,,WAITRESS,"360,000.00",,
TEJUOSHO ,GIFT,,WAITRESS,"360,000.00",,
EFFIONG,ANTHONY,,HOUSEKEEPER,"360,000.00",,
ADEWOLE,TOPE,,HOUSEKEEPER,"360,000.00",,
NNAMDI,MICHAEL,,HOUSEKEEPER,"360,000.00",,
ODIDO,STEPHEN,,HOUSEKEEPER,"360,000.00",,
SALAMI ,TUNJI,,LAUNDRY,"360,000.00",,
ESSET,WISDOM,,COOK,"420,000.00",,
CHINEDU ,VICTORIA,,COOK,"420,000.00",,
SHITU ,KEMI,,KITCHEN ASST.,"360,000.00",,
OGENDEGBE ,VICTOR,,SUPERVISOR,"420,000.00",,
OGUNYANKINUN,OLUMIDE,,MAINTENANCE,"120,000.00",8023402778,
ISHOLA ,SADIAT,,PURCHASER,"360,000.00",,
MAGNUM,SUNNY,,MAINTENANCE,"120,000.00",8074449066,
DIRISU,RESIDETU,,ACCOUNTS,"420,000.00",9028446399,ressy2005@gmail.com
OLUWAFEMI ,SEUN,,ACCOUNTS,"420,000.00",7068768385,seun2dear@gmail.com
,,,,,,
