SURNAME,FIRST NAME, MIDDLE NAME,DESIGNATION,NATIONALITY,NUMBER OF MONTHS,DEVELOPMENT LEVY,GROSS INCOME,ANNUAL TAX PAID,TAXPAYER ID,STAFF PHONE NUMBER,STAFF EMAIL ADDRESS
AJUMA ,YUSUFU,VERONICA,TEACHER,NIGERIAN,12,100," 240,000.00 ",2400,,8068129992,
JOY ,UDORO,ETIM,TEACHER,NIGERIAN,12,100," 240,000.00 ",2400,,8024118122,
UGWULEBO,VALENTINE,,TEACHER,NIGERIAN,12,100," 300,000.00 ",3000,,8123158339,
NSEOBONG,LYDIA,,TEACHER,NIGERIAN,12,100," 300,000.00 ",3000,,8180765475,
ILOCHONWU,VIVIAN,ADAOBI,TEACHER,NIGERIAN,12,100," 300,000.00 ",3000,,8063606175,
AREFOH,DESTINY,JULIET,NANNY,NIGERIAN,12,100," 240,000.00 ",2400,,7037871650,
AFOLABI,FUNKE,,NANNY,NIGERIAN,12,100," 240,000.00 ",2400,,7038734004,
FIDELIA,EKEH,,NANNY,NIGERIAN,12,100," 204,000.00 ",2040,,8057874057,
EUNICE,UDOH,,CLEANER,NIGERIAN,12,100," 240,000.00 ",2400,,8080118052,
,,,,,,,,23040,,,
