SURNAME,OTHER NAMES,DESIGNATION,NATIONALITY,GROSS INCOME,STAFF PHONE NUMBER,STAFF EMAIL ADDRESS
AJUMA ,YUSUFU,TEACHER,NIGERIAN,"240,000.00",8068129992,
JOY ,UDORO,TEACHER,NIGERIAN,"240,000.00",8024118122,
UGWULEBO,VALENTINE,TEACHER,NIGERIAN,"360,000.00",8123158339,
NSEOBONG,LYDIA,TEACHER,NIGERIAN,"300,000.00",8180765475,
BABABUNMI,ABIOLA PHILIP,TEACHER,NIGERIAN,"300,000.00",8063606175,
AREFOH,DESTINY,NANNY,NIGERIAN,"240,000.00",7037871650,
AFOLABI,FUNKE,NANNY,NIGERIAN,"240,000.00",7038734004,
FIDELIA,EKEH,NANNY,NIGERIAN,"204,000.00",8057874057,
EUNICE,UDOH,CLEANER,NIGERIAN,"240,000.00",8080118052,
