SURNAME,OTHER NAMES,DESIGNATION,NATIONALITY,GROSS INCOME,STAFF PHONE NUMBER,STAFF EMAIL ADDRESS
ADIGWE ,JULIET,FRONT DESK,NIGERIAN,"420,000.00",,
ESANG,BLESSING,FRONT DESK,NIGERIAN,"360,000.00",,
ELEKPO ,HAPPINESS,WAITRESS,NIGERIAN,"360,000.00",,
OYILO,PATIENCE,COOK,NIGERIAN,"360,000.00",,
JULIUS,REMI,COOK,NIGERIAN,"360,000.00",,
ADODO ,MACAIRE,MAITENANCE,NIGERIAN,"420,000.00",,
AARON,MATHIAS,HOUSEKEEPER,NIGERIAN,"360,000.00",,
JOHNSON,NDIFREKE,HOUSEKEEPER,NIGERIAN,"360,000.00",,
KOLAWOLE,JOSHUA,HOUSEKEEPER,NIGERIAN,"360,000.00",,
BABATUNDE ,BABATUNDE,SUPERVISOR,NIGERIAN,"420,000.00",,
TENNYSON ,BENJAMIN,DRIVER,NIGERIAN,"420,000.00",,
AYUBA,LUCKY,LAUNDRY,NIGERIAN,"360,000.00",,
OGUYANKINU,OLUMIDE,MAITENANCE,NIGERIAN,"144,000.00",8023402778,
AKINWUMI ,OLAJIDE,POOL SERVICE,NIGERIAN,"144,000.00",,
SODIPO,SULEIMAN,MAITENANCE,NIGERIAN,"144,000.00",8023443045,
MAGNUM,SUNNY,MAITENANCE,NIGERIAN,"120,000.00",8074443066,
DIRISU,OMOFE,ACCOUNTS,NIGERIAN,"420,000.00",9022020075,omofed9@gmail.com
AKINDELE ,KAYODE,COMPUTER,NIGERIAN,"180,000.00",8067472747,akindelekayode@gmail.com
JACOB,COMFORT,ACCOUNTS,NIGERIAN,"420,000.00",8188247330,ubacomfort9@gmail.com
BELLO ,OLAWALE,GENERAL MANAGER,NIGERIAN,"660,000.00",8025124027,walebello2000@gmail.com
