SURNAME,FIRST NAME, MIDDLE NAME,DESIGNATION,NATIONALITY,NUMBER OF MONTHS, DEVELOPMENT LEVY ,GROSS INCOME,ANNUAL TAX PAID,TAXPAYER ID,STAFF PHONE NUMBER,STAFF EMAIL ADDRESS
ADIGWE ,JULIET,,FRONT DESK,NIGERIAN,12,100,"360,000.00","6,999.93",,,
ESANG,BLESSING,,FRONT DESK,NIGERIAN,8,100,"240,000.00","4,106.64",,,
ADETUNJI,ABIGEAL,,FRONT DESK,NIGERIAN,5,100,"150,000.00",2568.65,,,
ELEKPO ,HAPPINESS,,WAITRESS,NIGERIAN,1,100,"30,000.00",513.33,,,
ALFRED,TOLU,,FRONT DESK,NIGERIAN,4,100,"120,000.00",2053.32,,,
AKINSETE ,MARY,,WAITRESS,NIGERIAN,7,100,"210,000.00",3593.31,,,
FAFIOLA ,IBIRONKE,,WAITRESS,NIGERIAN,2,100,"60,000.00","1,026.66",,,
AMIEGHEME,BLESSING,REBECCA,WAITRESS,NIGERIAN,1,100,"28,000.00",150,,,
OYILO,PATIENCE,,COOK,NIGERIAN,6,100,"180,000.00","3,079.98",,,
ESSET,WISDOM,,COOK,NIGERIAN,6,100,"210,000.00",4479.98,,,
JOHN,CECILIA,,COOK,NIGERIAN,4,100,"140,000.00","2,893.32",,,
NDUKWE,UZOMA,,COOK,NIGERIAN,4,100,"120,000.00","1,689.66",,,
JULIUS,REMI,,COOK,NIGERIAN,4,100,"120,000.00","2,053.32",,,
ADODO ,MACAIRE,,HOUSEKEEPER,NIGERIAN,12,100,"420,000.00","9,519.96",,,
AFO ,LAWRENCE,,WAITER,NIGERIAN,8,100,"240,000.00","3,743.31",,,
EKUNWE,DAVID,,FRONT DESK,NIGERIAN,3,100,"90,000.00","2,379.99",,,
AARON,MATHIAS,,HOUSEKEEPER,NIGERIAN,2,100,"60,000.00","1,026.66",,,
JOHNSON,NDIFREKE,,HOUSEKEEPER,NIGERIAN,12,100,"360,000.00","6,159.96",,,
OKOCHA,STEPHEN,,HOUSEKEEPER,NIGERIAN,7,100,"210,000.00","3,593.31",,,
KOLAWOLE,JOSHUA,,HOUSEKEEPER,NIGERIAN,11,100,"330,000.00","5,636.63",,,
NEDU,MICHAEL,,HOUSEKEEPER,NIGERIAN,2,100,"60,000.00","1,026.66",,,
NORBETH,CHIMA,,HOUSEKEEPER,NIGERIAN,10,100,"300,000.00","5,122.97",,,
ARA,ADEMOLA,ARIYO,WAITER,NIGERIAN,1,100,"28,000.00",513.33,,,
BABATUNDE ,BABATUNDE,,SUPERVISOR,NIGERIAN,12,100,"420,000.00","9,519.96",,,
MADU,JENNIFER,,SUPERVISOR,NIGERIAN,7,100,"245,000.00","5,553.31",,,
TENNYSON ,BENJAMIN,,DRIVER,NIGERIAN,12,100,"420,000.00","9,239.96",,,
AYUBA,LUCKY,,LAUNDRY,NIGERIAN,12,100,"360,000.00","6,159.96",,,
OGUYANKINU,OLUMIDE,,MAINTENANCE,NIGERIAN,12,100,"144,000.00","1,530.00",,8023402778,
AKINWUMI ,OLAJIDE,,POOL SERVICE,NIGERIAN,12,100,"144,000.00","1,430.00",,,
SODIPO,SULEIMAN,,MAINTENANCE,NIGERIAN,11,100,"132,000.00","1,380.00",,8023443045,
MAGNUM,SUNNY,,MAINTENANCE,NIGERIAN,12,100,"120,000.00","1,200.00",,8074449066,
DIRISU,OMOFE,,ACCOUNTS,NIGERIAN,12,100,"360,000.00","6,996.63",,9022020075,omofed9@gmail.com
AKINDELE ,KAYODE,,COMPUTER,NIGERIAN,12,100,"180,000.00","2,000.00",,8067472747,akindelekayode@gmail.com
OLUWAFEMI,OLUWASEUN,,ACCOUNTS,NIGERIAN,3,100,"105,000.00","2,379.99",,7068768385,seun2dear@gmail.com
MEDAN ,SUNDAY,,MAINTENANCE,NIGERIAN,4,100,"120,000.00","3,173.32",,,
JACOB,COMFORT,,ACCOUNTS,NIGERIAN,9,100,"315,000.00","7,139.97",,8028374589,ubacomfort9@gmail.com
BELLO ,OLAWALE,,GENERAL MANAGER,NIGERIAN,12,100,"720,000.00",28233.6,,8025124027,walebello2000@gmail.com
